"DATE_KEY","FULL_DATE","YEAR","QUARTER","MONTH_NUMBER","MONTH_NAME","DAY_NUMBER","DAY_NAME"
20240101,01-JAN-24,2024,1,1,"January  ",1,"Monday   "
20240102,02-JAN-24,2024,1,1,"January  ",2,"Tuesday  "
20240103,03-JAN-24,2024,1,1,"January  ",3,"Wednesday"
20240104,04-JAN-24,2024,1,1,"January  ",4,"Thursday "
20240105,05-JAN-24,2024,1,1,"January  ",5,"Friday   "
20240106,06-JAN-24,2024,1,1,"January  ",6,"Saturday "
20240107,07-JAN-24,2024,1,1,"January  ",7,"Sunday   "
20240108,08-JAN-24,2024,1,1,"January  ",8,"Monday   "
20240109,09-JAN-24,2024,1,1,"January  ",9,"Tuesday  "
20240110,10-JAN-24,2024,1,1,"January  ",10,"Wednesday"
20240111,11-JAN-24,2024,1,1,"January  ",11,"Thursday "
20240112,12-JAN-24,2024,1,1,"January  ",12,"Friday   "
20240113,13-JAN-24,2024,1,1,"January  ",13,"Saturday "
20240114,14-JAN-24,2024,1,1,"January  ",14,"Sunday   "
20240115,15-JAN-24,2024,1,1,"January  ",15,"Monday   "
20240116,16-JAN-24,2024,1,1,"January  ",16,"Tuesday  "
20240117,17-JAN-24,2024,1,1,"January  ",17,"Wednesday"
20240118,18-JAN-24,2024,1,1,"January  ",18,"Thursday "
20240119,19-JAN-24,2024,1,1,"January  ",19,"Friday   "
20240120,20-JAN-24,2024,1,1,"January  ",20,"Saturday "
20240121,21-JAN-24,2024,1,1,"January  ",21,"Sunday   "
20240122,22-JAN-24,2024,1,1,"January  ",22,"Monday   "
20240123,23-JAN-24,2024,1,1,"January  ",23,"Tuesday  "
20240124,24-JAN-24,2024,1,1,"January  ",24,"Wednesday"
20240125,25-JAN-24,2024,1,1,"January  ",25,"Thursday "
20240126,26-JAN-24,2024,1,1,"January  ",26,"Friday   "
20240127,27-JAN-24,2024,1,1,"January  ",27,"Saturday "
20240128,28-JAN-24,2024,1,1,"January  ",28,"Sunday   "
20240129,29-JAN-24,2024,1,1,"January  ",29,"Monday   "
20240130,30-JAN-24,2024,1,1,"January  ",30,"Tuesday  "
20240131,31-JAN-24,2024,1,1,"January  ",31,"Wednesday"
20240201,01-FEB-24,2024,1,2,"February ",1,"Thursday "
20240202,02-FEB-24,2024,1,2,"February ",2,"Friday   "
20240203,03-FEB-24,2024,1,2,"February ",3,"Saturday "
20240204,04-FEB-24,2024,1,2,"February ",4,"Sunday   "
20240205,05-FEB-24,2024,1,2,"February ",5,"Monday   "
20240206,06-FEB-24,2024,1,2,"February ",6,"Tuesday  "
20240207,07-FEB-24,2024,1,2,"February ",7,"Wednesday"
20240208,08-FEB-24,2024,1,2,"February ",8,"Thursday "
20240209,09-FEB-24,2024,1,2,"February ",9,"Friday   "
20240210,10-FEB-24,2024,1,2,"February ",10,"Saturday "
20240211,11-FEB-24,2024,1,2,"February ",11,"Sunday   "
20240212,12-FEB-24,2024,1,2,"February ",12,"Monday   "
20240213,13-FEB-24,2024,1,2,"February ",13,"Tuesday  "
20240214,14-FEB-24,2024,1,2,"February ",14,"Wednesday"
20240215,15-FEB-24,2024,1,2,"February ",15,"Thursday "
20240216,16-FEB-24,2024,1,2,"February ",16,"Friday   "
20240217,17-FEB-24,2024,1,2,"February ",17,"Saturday "
20240218,18-FEB-24,2024,1,2,"February ",18,"Sunday   "
20240219,19-FEB-24,2024,1,2,"February ",19,"Monday   "
20240220,20-FEB-24,2024,1,2,"February ",20,"Tuesday  "
20240221,21-FEB-24,2024,1,2,"February ",21,"Wednesday"
20240222,22-FEB-24,2024,1,2,"February ",22,"Thursday "
20240223,23-FEB-24,2024,1,2,"February ",23,"Friday   "
20240224,24-FEB-24,2024,1,2,"February ",24,"Saturday "
20240225,25-FEB-24,2024,1,2,"February ",25,"Sunday   "
20240226,26-FEB-24,2024,1,2,"February ",26,"Monday   "
20240227,27-FEB-24,2024,1,2,"February ",27,"Tuesday  "
20240228,28-FEB-24,2024,1,2,"February ",28,"Wednesday"
20240229,29-FEB-24,2024,1,2,"February ",29,"Thursday "
20240301,01-MAR-24,2024,1,3,"March    ",1,"Friday   "
20240302,02-MAR-24,2024,1,3,"March    ",2,"Saturday "
20240303,03-MAR-24,2024,1,3,"March    ",3,"Sunday   "
20240304,04-MAR-24,2024,1,3,"March    ",4,"Monday   "
20240305,05-MAR-24,2024,1,3,"March    ",5,"Tuesday  "
20240306,06-MAR-24,2024,1,3,"March    ",6,"Wednesday"
20240307,07-MAR-24,2024,1,3,"March    ",7,"Thursday "
20240308,08-MAR-24,2024,1,3,"March    ",8,"Friday   "
20240309,09-MAR-24,2024,1,3,"March    ",9,"Saturday "
20240310,10-MAR-24,2024,1,3,"March    ",10,"Sunday   "
20240311,11-MAR-24,2024,1,3,"March    ",11,"Monday   "
20240312,12-MAR-24,2024,1,3,"March    ",12,"Tuesday  "
20240313,13-MAR-24,2024,1,3,"March    ",13,"Wednesday"
20240314,14-MAR-24,2024,1,3,"March    ",14,"Thursday "
20240315,15-MAR-24,2024,1,3,"March    ",15,"Friday   "
20240316,16-MAR-24,2024,1,3,"March    ",16,"Saturday "
20240317,17-MAR-24,2024,1,3,"March    ",17,"Sunday   "
20240318,18-MAR-24,2024,1,3,"March    ",18,"Monday   "
20240319,19-MAR-24,2024,1,3,"March    ",19,"Tuesday  "
20240320,20-MAR-24,2024,1,3,"March    ",20,"Wednesday"
20240321,21-MAR-24,2024,1,3,"March    ",21,"Thursday "
20240322,22-MAR-24,2024,1,3,"March    ",22,"Friday   "
20240323,23-MAR-24,2024,1,3,"March    ",23,"Saturday "
20240324,24-MAR-24,2024,1,3,"March    ",24,"Sunday   "
20240325,25-MAR-24,2024,1,3,"March    ",25,"Monday   "
20240326,26-MAR-24,2024,1,3,"March    ",26,"Tuesday  "
20240327,27-MAR-24,2024,1,3,"March    ",27,"Wednesday"
20240328,28-MAR-24,2024,1,3,"March    ",28,"Thursday "
20240329,29-MAR-24,2024,1,3,"March    ",29,"Friday   "
20240330,30-MAR-24,2024,1,3,"March    ",30,"Saturday "
20240331,31-MAR-24,2024,1,3,"March    ",31,"Sunday   "
20240401,01-APR-24,2024,2,4,"April    ",1,"Monday   "
20240402,02-APR-24,2024,2,4,"April    ",2,"Tuesday  "
20240403,03-APR-24,2024,2,4,"April    ",3,"Wednesday"
20240404,04-APR-24,2024,2,4,"April    ",4,"Thursday "
20240405,05-APR-24,2024,2,4,"April    ",5,"Friday   "
20240406,06-APR-24,2024,2,4,"April    ",6,"Saturday "
20240407,07-APR-24,2024,2,4,"April    ",7,"Sunday   "
20240408,08-APR-24,2024,2,4,"April    ",8,"Monday   "
20240409,09-APR-24,2024,2,4,"April    ",9,"Tuesday  "
20240410,10-APR-24,2024,2,4,"April    ",10,"Wednesday"
20240411,11-APR-24,2024,2,4,"April    ",11,"Thursday "
20240412,12-APR-24,2024,2,4,"April    ",12,"Friday   "
20240413,13-APR-24,2024,2,4,"April    ",13,"Saturday "
20240414,14-APR-24,2024,2,4,"April    ",14,"Sunday   "
20240415,15-APR-24,2024,2,4,"April    ",15,"Monday   "
20240416,16-APR-24,2024,2,4,"April    ",16,"Tuesday  "
20240417,17-APR-24,2024,2,4,"April    ",17,"Wednesday"
20240418,18-APR-24,2024,2,4,"April    ",18,"Thursday "
20240419,19-APR-24,2024,2,4,"April    ",19,"Friday   "
20240420,20-APR-24,2024,2,4,"April    ",20,"Saturday "
20240421,21-APR-24,2024,2,4,"April    ",21,"Sunday   "
20240422,22-APR-24,2024,2,4,"April    ",22,"Monday   "
20240423,23-APR-24,2024,2,4,"April    ",23,"Tuesday  "
20240424,24-APR-24,2024,2,4,"April    ",24,"Wednesday"
20240425,25-APR-24,2024,2,4,"April    ",25,"Thursday "
20240426,26-APR-24,2024,2,4,"April    ",26,"Friday   "
20240427,27-APR-24,2024,2,4,"April    ",27,"Saturday "
20240428,28-APR-24,2024,2,4,"April    ",28,"Sunday   "
20240429,29-APR-24,2024,2,4,"April    ",29,"Monday   "
20240430,30-APR-24,2024,2,4,"April    ",30,"Tuesday  "
20240501,01-MAY-24,2024,2,5,"May      ",1,"Wednesday"
20240502,02-MAY-24,2024,2,5,"May      ",2,"Thursday "
20240503,03-MAY-24,2024,2,5,"May      ",3,"Friday   "
20240504,04-MAY-24,2024,2,5,"May      ",4,"Saturday "
20240505,05-MAY-24,2024,2,5,"May      ",5,"Sunday   "
20240506,06-MAY-24,2024,2,5,"May      ",6,"Monday   "
20240507,07-MAY-24,2024,2,5,"May      ",7,"Tuesday  "
20240508,08-MAY-24,2024,2,5,"May      ",8,"Wednesday"
20240509,09-MAY-24,2024,2,5,"May      ",9,"Thursday "
20240510,10-MAY-24,2024,2,5,"May      ",10,"Friday   "
20240511,11-MAY-24,2024,2,5,"May      ",11,"Saturday "
20240512,12-MAY-24,2024,2,5,"May      ",12,"Sunday   "
20240513,13-MAY-24,2024,2,5,"May      ",13,"Monday   "
20240514,14-MAY-24,2024,2,5,"May      ",14,"Tuesday  "
20240515,15-MAY-24,2024,2,5,"May      ",15,"Wednesday"
20240516,16-MAY-24,2024,2,5,"May      ",16,"Thursday "
20240517,17-MAY-24,2024,2,5,"May      ",17,"Friday   "
20240518,18-MAY-24,2024,2,5,"May      ",18,"Saturday "
20240519,19-MAY-24,2024,2,5,"May      ",19,"Sunday   "
20240520,20-MAY-24,2024,2,5,"May      ",20,"Monday   "
20240521,21-MAY-24,2024,2,5,"May      ",21,"Tuesday  "
20240522,22-MAY-24,2024,2,5,"May      ",22,"Wednesday"
20240523,23-MAY-24,2024,2,5,"May      ",23,"Thursday "
20240524,24-MAY-24,2024,2,5,"May      ",24,"Friday   "
20240525,25-MAY-24,2024,2,5,"May      ",25,"Saturday "
20240526,26-MAY-24,2024,2,5,"May      ",26,"Sunday   "
20240527,27-MAY-24,2024,2,5,"May      ",27,"Monday   "
20240528,28-MAY-24,2024,2,5,"May      ",28,"Tuesday  "
20240529,29-MAY-24,2024,2,5,"May      ",29,"Wednesday"
20240530,30-MAY-24,2024,2,5,"May      ",30,"Thursday "
20240531,31-MAY-24,2024,2,5,"May      ",31,"Friday   "
20240601,01-JUN-24,2024,2,6,"June     ",1,"Saturday "
20240602,02-JUN-24,2024,2,6,"June     ",2,"Sunday   "
20240603,03-JUN-24,2024,2,6,"June     ",3,"Monday   "
20240604,04-JUN-24,2024,2,6,"June     ",4,"Tuesday  "
20240605,05-JUN-24,2024,2,6,"June     ",5,"Wednesday"
20240606,06-JUN-24,2024,2,6,"June     ",6,"Thursday "
20240607,07-JUN-24,2024,2,6,"June     ",7,"Friday   "
20240608,08-JUN-24,2024,2,6,"June     ",8,"Saturday "
20240609,09-JUN-24,2024,2,6,"June     ",9,"Sunday   "
20240610,10-JUN-24,2024,2,6,"June     ",10,"Monday   "
20240611,11-JUN-24,2024,2,6,"June     ",11,"Tuesday  "
20240612,12-JUN-24,2024,2,6,"June     ",12,"Wednesday"
20240613,13-JUN-24,2024,2,6,"June     ",13,"Thursday "
20240614,14-JUN-24,2024,2,6,"June     ",14,"Friday   "
20240615,15-JUN-24,2024,2,6,"June     ",15,"Saturday "
20240616,16-JUN-24,2024,2,6,"June     ",16,"Sunday   "
20240617,17-JUN-24,2024,2,6,"June     ",17,"Monday   "
20240618,18-JUN-24,2024,2,6,"June     ",18,"Tuesday  "
20240619,19-JUN-24,2024,2,6,"June     ",19,"Wednesday"
20240620,20-JUN-24,2024,2,6,"June     ",20,"Thursday "
20240621,21-JUN-24,2024,2,6,"June     ",21,"Friday   "
20240622,22-JUN-24,2024,2,6,"June     ",22,"Saturday "
20240623,23-JUN-24,2024,2,6,"June     ",23,"Sunday   "
20240624,24-JUN-24,2024,2,6,"June     ",24,"Monday   "
20240625,25-JUN-24,2024,2,6,"June     ",25,"Tuesday  "
20240626,26-JUN-24,2024,2,6,"June     ",26,"Wednesday"
20240627,27-JUN-24,2024,2,6,"June     ",27,"Thursday "
20240628,28-JUN-24,2024,2,6,"June     ",28,"Friday   "
20240629,29-JUN-24,2024,2,6,"June     ",29,"Saturday "
20240630,30-JUN-24,2024,2,6,"June     ",30,"Sunday   "
20240701,01-JUL-24,2024,3,7,"July     ",1,"Monday   "
20240702,02-JUL-24,2024,3,7,"July     ",2,"Tuesday  "
20240703,03-JUL-24,2024,3,7,"July     ",3,"Wednesday"
20240704,04-JUL-24,2024,3,7,"July     ",4,"Thursday "
20240705,05-JUL-24,2024,3,7,"July     ",5,"Friday   "
20240706,06-JUL-24,2024,3,7,"July     ",6,"Saturday "
20240707,07-JUL-24,2024,3,7,"July     ",7,"Sunday   "
20240708,08-JUL-24,2024,3,7,"July     ",8,"Monday   "
20240709,09-JUL-24,2024,3,7,"July     ",9,"Tuesday  "
20240710,10-JUL-24,2024,3,7,"July     ",10,"Wednesday"
20240711,11-JUL-24,2024,3,7,"July     ",11,"Thursday "
20240712,12-JUL-24,2024,3,7,"July     ",12,"Friday   "
20240713,13-JUL-24,2024,3,7,"July     ",13,"Saturday "
20240714,14-JUL-24,2024,3,7,"July     ",14,"Sunday   "
20240715,15-JUL-24,2024,3,7,"July     ",15,"Monday   "
20240716,16-JUL-24,2024,3,7,"July     ",16,"Tuesday  "
20240717,17-JUL-24,2024,3,7,"July     ",17,"Wednesday"
20240718,18-JUL-24,2024,3,7,"July     ",18,"Thursday "
20240719,19-JUL-24,2024,3,7,"July     ",19,"Friday   "
20240720,20-JUL-24,2024,3,7,"July     ",20,"Saturday "
20240721,21-JUL-24,2024,3,7,"July     ",21,"Sunday   "
20240722,22-JUL-24,2024,3,7,"July     ",22,"Monday   "
20240723,23-JUL-24,2024,3,7,"July     ",23,"Tuesday  "
20240724,24-JUL-24,2024,3,7,"July     ",24,"Wednesday"
20240725,25-JUL-24,2024,3,7,"July     ",25,"Thursday "
20240726,26-JUL-24,2024,3,7,"July     ",26,"Friday   "
20240727,27-JUL-24,2024,3,7,"July     ",27,"Saturday "
20240728,28-JUL-24,2024,3,7,"July     ",28,"Sunday   "
20240729,29-JUL-24,2024,3,7,"July     ",29,"Monday   "
20240730,30-JUL-24,2024,3,7,"July     ",30,"Tuesday  "
20240731,31-JUL-24,2024,3,7,"July     ",31,"Wednesday"
20240801,01-AUG-24,2024,3,8,"August   ",1,"Thursday "
20240802,02-AUG-24,2024,3,8,"August   ",2,"Friday   "
20240803,03-AUG-24,2024,3,8,"August   ",3,"Saturday "
20240804,04-AUG-24,2024,3,8,"August   ",4,"Sunday   "
20240805,05-AUG-24,2024,3,8,"August   ",5,"Monday   "
20240806,06-AUG-24,2024,3,8,"August   ",6,"Tuesday  "
20240807,07-AUG-24,2024,3,8,"August   ",7,"Wednesday"
20240808,08-AUG-24,2024,3,8,"August   ",8,"Thursday "
20240809,09-AUG-24,2024,3,8,"August   ",9,"Friday   "
20240810,10-AUG-24,2024,3,8,"August   ",10,"Saturday "
20240811,11-AUG-24,2024,3,8,"August   ",11,"Sunday   "
20240812,12-AUG-24,2024,3,8,"August   ",12,"Monday   "
20240813,13-AUG-24,2024,3,8,"August   ",13,"Tuesday  "
20240814,14-AUG-24,2024,3,8,"August   ",14,"Wednesday"
20240815,15-AUG-24,2024,3,8,"August   ",15,"Thursday "
20240816,16-AUG-24,2024,3,8,"August   ",16,"Friday   "
20240817,17-AUG-24,2024,3,8,"August   ",17,"Saturday "
20240818,18-AUG-24,2024,3,8,"August   ",18,"Sunday   "
20240819,19-AUG-24,2024,3,8,"August   ",19,"Monday   "
20240820,20-AUG-24,2024,3,8,"August   ",20,"Tuesday  "
20240821,21-AUG-24,2024,3,8,"August   ",21,"Wednesday"
20240822,22-AUG-24,2024,3,8,"August   ",22,"Thursday "
20240823,23-AUG-24,2024,3,8,"August   ",23,"Friday   "
20240824,24-AUG-24,2024,3,8,"August   ",24,"Saturday "
20240825,25-AUG-24,2024,3,8,"August   ",25,"Sunday   "
20240826,26-AUG-24,2024,3,8,"August   ",26,"Monday   "
20240827,27-AUG-24,2024,3,8,"August   ",27,"Tuesday  "
20240828,28-AUG-24,2024,3,8,"August   ",28,"Wednesday"
20240829,29-AUG-24,2024,3,8,"August   ",29,"Thursday "
20240830,30-AUG-24,2024,3,8,"August   ",30,"Friday   "
20240831,31-AUG-24,2024,3,8,"August   ",31,"Saturday "
20240901,01-SEP-24,2024,3,9,"September",1,"Sunday   "
20240902,02-SEP-24,2024,3,9,"September",2,"Monday   "
20240903,03-SEP-24,2024,3,9,"September",3,"Tuesday  "
20240904,04-SEP-24,2024,3,9,"September",4,"Wednesday"
20240905,05-SEP-24,2024,3,9,"September",5,"Thursday "
20240906,06-SEP-24,2024,3,9,"September",6,"Friday   "
20240907,07-SEP-24,2024,3,9,"September",7,"Saturday "
20240908,08-SEP-24,2024,3,9,"September",8,"Sunday   "
20240909,09-SEP-24,2024,3,9,"September",9,"Monday   "
20240910,10-SEP-24,2024,3,9,"September",10,"Tuesday  "
20240911,11-SEP-24,2024,3,9,"September",11,"Wednesday"
20240912,12-SEP-24,2024,3,9,"September",12,"Thursday "
20240913,13-SEP-24,2024,3,9,"September",13,"Friday   "
20240914,14-SEP-24,2024,3,9,"September",14,"Saturday "
20240915,15-SEP-24,2024,3,9,"September",15,"Sunday   "
20240916,16-SEP-24,2024,3,9,"September",16,"Monday   "
20240917,17-SEP-24,2024,3,9,"September",17,"Tuesday  "
20240918,18-SEP-24,2024,3,9,"September",18,"Wednesday"
20240919,19-SEP-24,2024,3,9,"September",19,"Thursday "
20240920,20-SEP-24,2024,3,9,"September",20,"Friday   "
20240921,21-SEP-24,2024,3,9,"September",21,"Saturday "
20240922,22-SEP-24,2024,3,9,"September",22,"Sunday   "
20240923,23-SEP-24,2024,3,9,"September",23,"Monday   "
20240924,24-SEP-24,2024,3,9,"September",24,"Tuesday  "
20240925,25-SEP-24,2024,3,9,"September",25,"Wednesday"
20240926,26-SEP-24,2024,3,9,"September",26,"Thursday "
20240927,27-SEP-24,2024,3,9,"September",27,"Friday   "
20240928,28-SEP-24,2024,3,9,"September",28,"Saturday "
20240929,29-SEP-24,2024,3,9,"September",29,"Sunday   "
20240930,30-SEP-24,2024,3,9,"September",30,"Monday   "
20241001,01-OCT-24,2024,4,10,"October  ",1,"Tuesday  "
20241002,02-OCT-24,2024,4,10,"October  ",2,"Wednesday"
20241003,03-OCT-24,2024,4,10,"October  ",3,"Thursday "
20241004,04-OCT-24,2024,4,10,"October  ",4,"Friday   "
20241005,05-OCT-24,2024,4,10,"October  ",5,"Saturday "
20241006,06-OCT-24,2024,4,10,"October  ",6,"Sunday   "
20241007,07-OCT-24,2024,4,10,"October  ",7,"Monday   "
20241008,08-OCT-24,2024,4,10,"October  ",8,"Tuesday  "
20241009,09-OCT-24,2024,4,10,"October  ",9,"Wednesday"
20241010,10-OCT-24,2024,4,10,"October  ",10,"Thursday "
20241011,11-OCT-24,2024,4,10,"October  ",11,"Friday   "
20241012,12-OCT-24,2024,4,10,"October  ",12,"Saturday "
20241013,13-OCT-24,2024,4,10,"October  ",13,"Sunday   "
20241014,14-OCT-24,2024,4,10,"October  ",14,"Monday   "
20241015,15-OCT-24,2024,4,10,"October  ",15,"Tuesday  "
20241016,16-OCT-24,2024,4,10,"October  ",16,"Wednesday"
20241017,17-OCT-24,2024,4,10,"October  ",17,"Thursday "
20241018,18-OCT-24,2024,4,10,"October  ",18,"Friday   "
20241019,19-OCT-24,2024,4,10,"October  ",19,"Saturday "
20241020,20-OCT-24,2024,4,10,"October  ",20,"Sunday   "
20241021,21-OCT-24,2024,4,10,"October  ",21,"Monday   "
20241022,22-OCT-24,2024,4,10,"October  ",22,"Tuesday  "
20241023,23-OCT-24,2024,4,10,"October  ",23,"Wednesday"
20241024,24-OCT-24,2024,4,10,"October  ",24,"Thursday "
20241025,25-OCT-24,2024,4,10,"October  ",25,"Friday   "
20241026,26-OCT-24,2024,4,10,"October  ",26,"Saturday "
20241027,27-OCT-24,2024,4,10,"October  ",27,"Sunday   "
20241028,28-OCT-24,2024,4,10,"October  ",28,"Monday   "
20241029,29-OCT-24,2024,4,10,"October  ",29,"Tuesday  "
20241030,30-OCT-24,2024,4,10,"October  ",30,"Wednesday"
20241031,31-OCT-24,2024,4,10,"October  ",31,"Thursday "
20241101,01-NOV-24,2024,4,11,"November ",1,"Friday   "
20241102,02-NOV-24,2024,4,11,"November ",2,"Saturday "
20241103,03-NOV-24,2024,4,11,"November ",3,"Sunday   "
20241104,04-NOV-24,2024,4,11,"November ",4,"Monday   "
20241105,05-NOV-24,2024,4,11,"November ",5,"Tuesday  "
20241106,06-NOV-24,2024,4,11,"November ",6,"Wednesday"
20241107,07-NOV-24,2024,4,11,"November ",7,"Thursday "
20241108,08-NOV-24,2024,4,11,"November ",8,"Friday   "
20241109,09-NOV-24,2024,4,11,"November ",9,"Saturday "
20241110,10-NOV-24,2024,4,11,"November ",10,"Sunday   "
20241111,11-NOV-24,2024,4,11,"November ",11,"Monday   "
20241112,12-NOV-24,2024,4,11,"November ",12,"Tuesday  "
20241113,13-NOV-24,2024,4,11,"November ",13,"Wednesday"
20241114,14-NOV-24,2024,4,11,"November ",14,"Thursday "
20241115,15-NOV-24,2024,4,11,"November ",15,"Friday   "
20241116,16-NOV-24,2024,4,11,"November ",16,"Saturday "
20241117,17-NOV-24,2024,4,11,"November ",17,"Sunday   "
20241118,18-NOV-24,2024,4,11,"November ",18,"Monday   "
20241119,19-NOV-24,2024,4,11,"November ",19,"Tuesday  "
20241120,20-NOV-24,2024,4,11,"November ",20,"Wednesday"
20241121,21-NOV-24,2024,4,11,"November ",21,"Thursday "
20241122,22-NOV-24,2024,4,11,"November ",22,"Friday   "
20241123,23-NOV-24,2024,4,11,"November ",23,"Saturday "
20241124,24-NOV-24,2024,4,11,"November ",24,"Sunday   "
20241125,25-NOV-24,2024,4,11,"November ",25,"Monday   "
20241126,26-NOV-24,2024,4,11,"November ",26,"Tuesday  "
20241127,27-NOV-24,2024,4,11,"November ",27,"Wednesday"
20241128,28-NOV-24,2024,4,11,"November ",28,"Thursday "
20241129,29-NOV-24,2024,4,11,"November ",29,"Friday   "
20241130,30-NOV-24,2024,4,11,"November ",30,"Saturday "
20241201,01-DEC-24,2024,4,12,"December ",1,"Sunday   "
20241202,02-DEC-24,2024,4,12,"December ",2,"Monday   "
20241203,03-DEC-24,2024,4,12,"December ",3,"Tuesday  "
20241204,04-DEC-24,2024,4,12,"December ",4,"Wednesday"
20241205,05-DEC-24,2024,4,12,"December ",5,"Thursday "
20241206,06-DEC-24,2024,4,12,"December ",6,"Friday   "
20241207,07-DEC-24,2024,4,12,"December ",7,"Saturday "
20241208,08-DEC-24,2024,4,12,"December ",8,"Sunday   "
20241209,09-DEC-24,2024,4,12,"December ",9,"Monday   "
20241210,10-DEC-24,2024,4,12,"December ",10,"Tuesday  "
20241211,11-DEC-24,2024,4,12,"December ",11,"Wednesday"
20241212,12-DEC-24,2024,4,12,"December ",12,"Thursday "
20241213,13-DEC-24,2024,4,12,"December ",13,"Friday   "
20241214,14-DEC-24,2024,4,12,"December ",14,"Saturday "
20241215,15-DEC-24,2024,4,12,"December ",15,"Sunday   "
20241216,16-DEC-24,2024,4,12,"December ",16,"Monday   "
20241217,17-DEC-24,2024,4,12,"December ",17,"Tuesday  "
20241218,18-DEC-24,2024,4,12,"December ",18,"Wednesday"
20241219,19-DEC-24,2024,4,12,"December ",19,"Thursday "
20241220,20-DEC-24,2024,4,12,"December ",20,"Friday   "
20241221,21-DEC-24,2024,4,12,"December ",21,"Saturday "
20241222,22-DEC-24,2024,4,12,"December ",22,"Sunday   "
20241223,23-DEC-24,2024,4,12,"December ",23,"Monday   "
20241224,24-DEC-24,2024,4,12,"December ",24,"Tuesday  "
20241225,25-DEC-24,2024,4,12,"December ",25,"Wednesday"
20241226,26-DEC-24,2024,4,12,"December ",26,"Thursday "
20241227,27-DEC-24,2024,4,12,"December ",27,"Friday   "
20241228,28-DEC-24,2024,4,12,"December ",28,"Saturday "
20241229,29-DEC-24,2024,4,12,"December ",29,"Sunday   "
20241230,30-DEC-24,2024,4,12,"December ",30,"Monday   "
20241231,31-DEC-24,2024,4,12,"December ",31,"Tuesday  "
20250101,01-JAN-25,2025,1,1,"January  ",1,"Wednesday"
20250102,02-JAN-25,2025,1,1,"January  ",2,"Thursday "
20250103,03-JAN-25,2025,1,1,"January  ",3,"Friday   "
20250104,04-JAN-25,2025,1,1,"January  ",4,"Saturday "
20250105,05-JAN-25,2025,1,1,"January  ",5,"Sunday   "
20250106,06-JAN-25,2025,1,1,"January  ",6,"Monday   "
20250107,07-JAN-25,2025,1,1,"January  ",7,"Tuesday  "
20250108,08-JAN-25,2025,1,1,"January  ",8,"Wednesday"
20250109,09-JAN-25,2025,1,1,"January  ",9,"Thursday "
20250110,10-JAN-25,2025,1,1,"January  ",10,"Friday   "
20250111,11-JAN-25,2025,1,1,"January  ",11,"Saturday "
20250112,12-JAN-25,2025,1,1,"January  ",12,"Sunday   "
20250113,13-JAN-25,2025,1,1,"January  ",13,"Monday   "
20250114,14-JAN-25,2025,1,1,"January  ",14,"Tuesday  "
20250115,15-JAN-25,2025,1,1,"January  ",15,"Wednesday"
20250116,16-JAN-25,2025,1,1,"January  ",16,"Thursday "
20250117,17-JAN-25,2025,1,1,"January  ",17,"Friday   "
20250118,18-JAN-25,2025,1,1,"January  ",18,"Saturday "
20250119,19-JAN-25,2025,1,1,"January  ",19,"Sunday   "
20250120,20-JAN-25,2025,1,1,"January  ",20,"Monday   "
20250121,21-JAN-25,2025,1,1,"January  ",21,"Tuesday  "
20250122,22-JAN-25,2025,1,1,"January  ",22,"Wednesday"
20250123,23-JAN-25,2025,1,1,"January  ",23,"Thursday "
20250124,24-JAN-25,2025,1,1,"January  ",24,"Friday   "
20250125,25-JAN-25,2025,1,1,"January  ",25,"Saturday "
20250126,26-JAN-25,2025,1,1,"January  ",26,"Sunday   "
20250127,27-JAN-25,2025,1,1,"January  ",27,"Monday   "
20250128,28-JAN-25,2025,1,1,"January  ",28,"Tuesday  "
20250129,29-JAN-25,2025,1,1,"January  ",29,"Wednesday"
20250130,30-JAN-25,2025,1,1,"January  ",30,"Thursday "
20250131,31-JAN-25,2025,1,1,"January  ",31,"Friday   "
20250201,01-FEB-25,2025,1,2,"February ",1,"Saturday "
20250202,02-FEB-25,2025,1,2,"February ",2,"Sunday   "
20250203,03-FEB-25,2025,1,2,"February ",3,"Monday   "
20250204,04-FEB-25,2025,1,2,"February ",4,"Tuesday  "
20250205,05-FEB-25,2025,1,2,"February ",5,"Wednesday"
20250206,06-FEB-25,2025,1,2,"February ",6,"Thursday "
20250207,07-FEB-25,2025,1,2,"February ",7,"Friday   "
20250208,08-FEB-25,2025,1,2,"February ",8,"Saturday "
20250209,09-FEB-25,2025,1,2,"February ",9,"Sunday   "
20250210,10-FEB-25,2025,1,2,"February ",10,"Monday   "
20250211,11-FEB-25,2025,1,2,"February ",11,"Tuesday  "
20250212,12-FEB-25,2025,1,2,"February ",12,"Wednesday"
20250213,13-FEB-25,2025,1,2,"February ",13,"Thursday "
20250214,14-FEB-25,2025,1,2,"February ",14,"Friday   "
20250215,15-FEB-25,2025,1,2,"February ",15,"Saturday "
20250216,16-FEB-25,2025,1,2,"February ",16,"Sunday   "
20250217,17-FEB-25,2025,1,2,"February ",17,"Monday   "
20250218,18-FEB-25,2025,1,2,"February ",18,"Tuesday  "
20250219,19-FEB-25,2025,1,2,"February ",19,"Wednesday"
20250220,20-FEB-25,2025,1,2,"February ",20,"Thursday "
20250221,21-FEB-25,2025,1,2,"February ",21,"Friday   "
20250222,22-FEB-25,2025,1,2,"February ",22,"Saturday "
20250223,23-FEB-25,2025,1,2,"February ",23,"Sunday   "
20250224,24-FEB-25,2025,1,2,"February ",24,"Monday   "
20250225,25-FEB-25,2025,1,2,"February ",25,"Tuesday  "
20250226,26-FEB-25,2025,1,2,"February ",26,"Wednesday"
20250227,27-FEB-25,2025,1,2,"February ",27,"Thursday "
20250228,28-FEB-25,2025,1,2,"February ",28,"Friday   "
20250301,01-MAR-25,2025,1,3,"March    ",1,"Saturday "
20250302,02-MAR-25,2025,1,3,"March    ",2,"Sunday   "
20250303,03-MAR-25,2025,1,3,"March    ",3,"Monday   "
20250304,04-MAR-25,2025,1,3,"March    ",4,"Tuesday  "
20250305,05-MAR-25,2025,1,3,"March    ",5,"Wednesday"
20250306,06-MAR-25,2025,1,3,"March    ",6,"Thursday "
20250307,07-MAR-25,2025,1,3,"March    ",7,"Friday   "
20250308,08-MAR-25,2025,1,3,"March    ",8,"Saturday "
20250309,09-MAR-25,2025,1,3,"March    ",9,"Sunday   "
20250310,10-MAR-25,2025,1,3,"March    ",10,"Monday   "
20250311,11-MAR-25,2025,1,3,"March    ",11,"Tuesday  "
20250312,12-MAR-25,2025,1,3,"March    ",12,"Wednesday"
20250313,13-MAR-25,2025,1,3,"March    ",13,"Thursday "
20250314,14-MAR-25,2025,1,3,"March    ",14,"Friday   "
20250315,15-MAR-25,2025,1,3,"March    ",15,"Saturday "
20250316,16-MAR-25,2025,1,3,"March    ",16,"Sunday   "
20250317,17-MAR-25,2025,1,3,"March    ",17,"Monday   "
20250318,18-MAR-25,2025,1,3,"March    ",18,"Tuesday  "
20250319,19-MAR-25,2025,1,3,"March    ",19,"Wednesday"
20250320,20-MAR-25,2025,1,3,"March    ",20,"Thursday "
20250321,21-MAR-25,2025,1,3,"March    ",21,"Friday   "
20250322,22-MAR-25,2025,1,3,"March    ",22,"Saturday "
20250323,23-MAR-25,2025,1,3,"March    ",23,"Sunday   "
20250324,24-MAR-25,2025,1,3,"March    ",24,"Monday   "
20250325,25-MAR-25,2025,1,3,"March    ",25,"Tuesday  "
20250326,26-MAR-25,2025,1,3,"March    ",26,"Wednesday"
20250327,27-MAR-25,2025,1,3,"March    ",27,"Thursday "
20250328,28-MAR-25,2025,1,3,"March    ",28,"Friday   "
20250329,29-MAR-25,2025,1,3,"March    ",29,"Saturday "
20250330,30-MAR-25,2025,1,3,"March    ",30,"Sunday   "
20250331,31-MAR-25,2025,1,3,"March    ",31,"Monday   "
20250401,01-APR-25,2025,2,4,"April    ",1,"Tuesday  "
20250402,02-APR-25,2025,2,4,"April    ",2,"Wednesday"
20250403,03-APR-25,2025,2,4,"April    ",3,"Thursday "
20250404,04-APR-25,2025,2,4,"April    ",4,"Friday   "
20250405,05-APR-25,2025,2,4,"April    ",5,"Saturday "
20250406,06-APR-25,2025,2,4,"April    ",6,"Sunday   "
20250407,07-APR-25,2025,2,4,"April    ",7,"Monday   "
20250408,08-APR-25,2025,2,4,"April    ",8,"Tuesday  "
20250409,09-APR-25,2025,2,4,"April    ",9,"Wednesday"
20250410,10-APR-25,2025,2,4,"April    ",10,"Thursday "
20250411,11-APR-25,2025,2,4,"April    ",11,"Friday   "
20250412,12-APR-25,2025,2,4,"April    ",12,"Saturday "
20250413,13-APR-25,2025,2,4,"April    ",13,"Sunday   "
20250414,14-APR-25,2025,2,4,"April    ",14,"Monday   "
20250415,15-APR-25,2025,2,4,"April    ",15,"Tuesday  "
20250416,16-APR-25,2025,2,4,"April    ",16,"Wednesday"
20250417,17-APR-25,2025,2,4,"April    ",17,"Thursday "
20250418,18-APR-25,2025,2,4,"April    ",18,"Friday   "
20250419,19-APR-25,2025,2,4,"April    ",19,"Saturday "
20250420,20-APR-25,2025,2,4,"April    ",20,"Sunday   "
20250421,21-APR-25,2025,2,4,"April    ",21,"Monday   "
20250422,22-APR-25,2025,2,4,"April    ",22,"Tuesday  "
20250423,23-APR-25,2025,2,4,"April    ",23,"Wednesday"
20250424,24-APR-25,2025,2,4,"April    ",24,"Thursday "
20250425,25-APR-25,2025,2,4,"April    ",25,"Friday   "
20250426,26-APR-25,2025,2,4,"April    ",26,"Saturday "
20250427,27-APR-25,2025,2,4,"April    ",27,"Sunday   "
20250428,28-APR-25,2025,2,4,"April    ",28,"Monday   "
20250429,29-APR-25,2025,2,4,"April    ",29,"Tuesday  "
20250430,30-APR-25,2025,2,4,"April    ",30,"Wednesday"
20250501,01-MAY-25,2025,2,5,"May      ",1,"Thursday "
20250502,02-MAY-25,2025,2,5,"May      ",2,"Friday   "
20250503,03-MAY-25,2025,2,5,"May      ",3,"Saturday "
20250504,04-MAY-25,2025,2,5,"May      ",4,"Sunday   "
20250505,05-MAY-25,2025,2,5,"May      ",5,"Monday   "
20250506,06-MAY-25,2025,2,5,"May      ",6,"Tuesday  "
20250507,07-MAY-25,2025,2,5,"May      ",7,"Wednesday"
20250508,08-MAY-25,2025,2,5,"May      ",8,"Thursday "
20250509,09-MAY-25,2025,2,5,"May      ",9,"Friday   "
20250510,10-MAY-25,2025,2,5,"May      ",10,"Saturday "
20250511,11-MAY-25,2025,2,5,"May      ",11,"Sunday   "
20250512,12-MAY-25,2025,2,5,"May      ",12,"Monday   "
20250513,13-MAY-25,2025,2,5,"May      ",13,"Tuesday  "
20250514,14-MAY-25,2025,2,5,"May      ",14,"Wednesday"
20250515,15-MAY-25,2025,2,5,"May      ",15,"Thursday "
20250516,16-MAY-25,2025,2,5,"May      ",16,"Friday   "
20250517,17-MAY-25,2025,2,5,"May      ",17,"Saturday "
20250518,18-MAY-25,2025,2,5,"May      ",18,"Sunday   "
20250519,19-MAY-25,2025,2,5,"May      ",19,"Monday   "
20250520,20-MAY-25,2025,2,5,"May      ",20,"Tuesday  "
20250521,21-MAY-25,2025,2,5,"May      ",21,"Wednesday"
20250522,22-MAY-25,2025,2,5,"May      ",22,"Thursday "
20250523,23-MAY-25,2025,2,5,"May      ",23,"Friday   "
20250524,24-MAY-25,2025,2,5,"May      ",24,"Saturday "
20250525,25-MAY-25,2025,2,5,"May      ",25,"Sunday   "
20250526,26-MAY-25,2025,2,5,"May      ",26,"Monday   "
20250527,27-MAY-25,2025,2,5,"May      ",27,"Tuesday  "
20250528,28-MAY-25,2025,2,5,"May      ",28,"Wednesday"
20250529,29-MAY-25,2025,2,5,"May      ",29,"Thursday "
20250530,30-MAY-25,2025,2,5,"May      ",30,"Friday   "
20250531,31-MAY-25,2025,2,5,"May      ",31,"Saturday "
20250601,01-JUN-25,2025,2,6,"June     ",1,"Sunday   "
20250602,02-JUN-25,2025,2,6,"June     ",2,"Monday   "
20250603,03-JUN-25,2025,2,6,"June     ",3,"Tuesday  "
20250604,04-JUN-25,2025,2,6,"June     ",4,"Wednesday"
20250605,05-JUN-25,2025,2,6,"June     ",5,"Thursday "
20250606,06-JUN-25,2025,2,6,"June     ",6,"Friday   "
20250607,07-JUN-25,2025,2,6,"June     ",7,"Saturday "
20250608,08-JUN-25,2025,2,6,"June     ",8,"Sunday   "
20250609,09-JUN-25,2025,2,6,"June     ",9,"Monday   "
20250610,10-JUN-25,2025,2,6,"June     ",10,"Tuesday  "
20250611,11-JUN-25,2025,2,6,"June     ",11,"Wednesday"
20250612,12-JUN-25,2025,2,6,"June     ",12,"Thursday "
20250613,13-JUN-25,2025,2,6,"June     ",13,"Friday   "
20250614,14-JUN-25,2025,2,6,"June     ",14,"Saturday "
20250615,15-JUN-25,2025,2,6,"June     ",15,"Sunday   "
20250616,16-JUN-25,2025,2,6,"June     ",16,"Monday   "
20250617,17-JUN-25,2025,2,6,"June     ",17,"Tuesday  "
20250618,18-JUN-25,2025,2,6,"June     ",18,"Wednesday"
20250619,19-JUN-25,2025,2,6,"June     ",19,"Thursday "
20250620,20-JUN-25,2025,2,6,"June     ",20,"Friday   "
20250621,21-JUN-25,2025,2,6,"June     ",21,"Saturday "
20250622,22-JUN-25,2025,2,6,"June     ",22,"Sunday   "
20250623,23-JUN-25,2025,2,6,"June     ",23,"Monday   "
20250624,24-JUN-25,2025,2,6,"June     ",24,"Tuesday  "
20250625,25-JUN-25,2025,2,6,"June     ",25,"Wednesday"
20250626,26-JUN-25,2025,2,6,"June     ",26,"Thursday "
20250627,27-JUN-25,2025,2,6,"June     ",27,"Friday   "
20250628,28-JUN-25,2025,2,6,"June     ",28,"Saturday "
20250629,29-JUN-25,2025,2,6,"June     ",29,"Sunday   "
20250630,30-JUN-25,2025,2,6,"June     ",30,"Monday   "
20250701,01-JUL-25,2025,3,7,"July     ",1,"Tuesday  "
20250702,02-JUL-25,2025,3,7,"July     ",2,"Wednesday"
20250703,03-JUL-25,2025,3,7,"July     ",3,"Thursday "
20250704,04-JUL-25,2025,3,7,"July     ",4,"Friday   "
20250705,05-JUL-25,2025,3,7,"July     ",5,"Saturday "
20250706,06-JUL-25,2025,3,7,"July     ",6,"Sunday   "
20250707,07-JUL-25,2025,3,7,"July     ",7,"Monday   "
20250708,08-JUL-25,2025,3,7,"July     ",8,"Tuesday  "
20250709,09-JUL-25,2025,3,7,"July     ",9,"Wednesday"
20250710,10-JUL-25,2025,3,7,"July     ",10,"Thursday "
20250711,11-JUL-25,2025,3,7,"July     ",11,"Friday   "
20250712,12-JUL-25,2025,3,7,"July     ",12,"Saturday "
20250713,13-JUL-25,2025,3,7,"July     ",13,"Sunday   "
20250714,14-JUL-25,2025,3,7,"July     ",14,"Monday   "
20250715,15-JUL-25,2025,3,7,"July     ",15,"Tuesday  "
20250716,16-JUL-25,2025,3,7,"July     ",16,"Wednesday"
20250717,17-JUL-25,2025,3,7,"July     ",17,"Thursday "
20250718,18-JUL-25,2025,3,7,"July     ",18,"Friday   "
20250719,19-JUL-25,2025,3,7,"July     ",19,"Saturday "
20250720,20-JUL-25,2025,3,7,"July     ",20,"Sunday   "
20250721,21-JUL-25,2025,3,7,"July     ",21,"Monday   "
20250722,22-JUL-25,2025,3,7,"July     ",22,"Tuesday  "
20250723,23-JUL-25,2025,3,7,"July     ",23,"Wednesday"
20250724,24-JUL-25,2025,3,7,"July     ",24,"Thursday "
20250725,25-JUL-25,2025,3,7,"July     ",25,"Friday   "
20250726,26-JUL-25,2025,3,7,"July     ",26,"Saturday "
20250727,27-JUL-25,2025,3,7,"July     ",27,"Sunday   "
20250728,28-JUL-25,2025,3,7,"July     ",28,"Monday   "
20250729,29-JUL-25,2025,3,7,"July     ",29,"Tuesday  "
20250730,30-JUL-25,2025,3,7,"July     ",30,"Wednesday"
20250731,31-JUL-25,2025,3,7,"July     ",31,"Thursday "
20250801,01-AUG-25,2025,3,8,"August   ",1,"Friday   "
20250802,02-AUG-25,2025,3,8,"August   ",2,"Saturday "
20250803,03-AUG-25,2025,3,8,"August   ",3,"Sunday   "
20250804,04-AUG-25,2025,3,8,"August   ",4,"Monday   "
20250805,05-AUG-25,2025,3,8,"August   ",5,"Tuesday  "
20250806,06-AUG-25,2025,3,8,"August   ",6,"Wednesday"
20250807,07-AUG-25,2025,3,8,"August   ",7,"Thursday "
20250808,08-AUG-25,2025,3,8,"August   ",8,"Friday   "
20250809,09-AUG-25,2025,3,8,"August   ",9,"Saturday "
20250810,10-AUG-25,2025,3,8,"August   ",10,"Sunday   "
20250811,11-AUG-25,2025,3,8,"August   ",11,"Monday   "
20250812,12-AUG-25,2025,3,8,"August   ",12,"Tuesday  "
20250813,13-AUG-25,2025,3,8,"August   ",13,"Wednesday"
20250814,14-AUG-25,2025,3,8,"August   ",14,"Thursday "
20250815,15-AUG-25,2025,3,8,"August   ",15,"Friday   "
20250816,16-AUG-25,2025,3,8,"August   ",16,"Saturday "
20250817,17-AUG-25,2025,3,8,"August   ",17,"Sunday   "
20250818,18-AUG-25,2025,3,8,"August   ",18,"Monday   "
20250819,19-AUG-25,2025,3,8,"August   ",19,"Tuesday  "
20250820,20-AUG-25,2025,3,8,"August   ",20,"Wednesday"
20250821,21-AUG-25,2025,3,8,"August   ",21,"Thursday "
20250822,22-AUG-25,2025,3,8,"August   ",22,"Friday   "
20250823,23-AUG-25,2025,3,8,"August   ",23,"Saturday "
20250824,24-AUG-25,2025,3,8,"August   ",24,"Sunday   "
20250825,25-AUG-25,2025,3,8,"August   ",25,"Monday   "
20250826,26-AUG-25,2025,3,8,"August   ",26,"Tuesday  "
20250827,27-AUG-25,2025,3,8,"August   ",27,"Wednesday"
20250828,28-AUG-25,2025,3,8,"August   ",28,"Thursday "
20250829,29-AUG-25,2025,3,8,"August   ",29,"Friday   "
20250830,30-AUG-25,2025,3,8,"August   ",30,"Saturday "
20250831,31-AUG-25,2025,3,8,"August   ",31,"Sunday   "
20250901,01-SEP-25,2025,3,9,"September",1,"Monday   "
20250902,02-SEP-25,2025,3,9,"September",2,"Tuesday  "
20250903,03-SEP-25,2025,3,9,"September",3,"Wednesday"
20250904,04-SEP-25,2025,3,9,"September",4,"Thursday "
20250905,05-SEP-25,2025,3,9,"September",5,"Friday   "
20250906,06-SEP-25,2025,3,9,"September",6,"Saturday "
20250907,07-SEP-25,2025,3,9,"September",7,"Sunday   "
20250908,08-SEP-25,2025,3,9,"September",8,"Monday   "
20250909,09-SEP-25,2025,3,9,"September",9,"Tuesday  "
20250910,10-SEP-25,2025,3,9,"September",10,"Wednesday"
20250911,11-SEP-25,2025,3,9,"September",11,"Thursday "
20250912,12-SEP-25,2025,3,9,"September",12,"Friday   "
20250913,13-SEP-25,2025,3,9,"September",13,"Saturday "
20250914,14-SEP-25,2025,3,9,"September",14,"Sunday   "
20250915,15-SEP-25,2025,3,9,"September",15,"Monday   "
20250916,16-SEP-25,2025,3,9,"September",16,"Tuesday  "
20250917,17-SEP-25,2025,3,9,"September",17,"Wednesday"
20250918,18-SEP-25,2025,3,9,"September",18,"Thursday "
20250919,19-SEP-25,2025,3,9,"September",19,"Friday   "
20250920,20-SEP-25,2025,3,9,"September",20,"Saturday "
20250921,21-SEP-25,2025,3,9,"September",21,"Sunday   "
20250922,22-SEP-25,2025,3,9,"September",22,"Monday   "
20250923,23-SEP-25,2025,3,9,"September",23,"Tuesday  "
20250924,24-SEP-25,2025,3,9,"September",24,"Wednesday"
20250925,25-SEP-25,2025,3,9,"September",25,"Thursday "
20250926,26-SEP-25,2025,3,9,"September",26,"Friday   "
20250927,27-SEP-25,2025,3,9,"September",27,"Saturday "
20250928,28-SEP-25,2025,3,9,"September",28,"Sunday   "
20250929,29-SEP-25,2025,3,9,"September",29,"Monday   "
20250930,30-SEP-25,2025,3,9,"September",30,"Tuesday  "
20251001,01-OCT-25,2025,4,10,"October  ",1,"Wednesday"
20251002,02-OCT-25,2025,4,10,"October  ",2,"Thursday "
20251003,03-OCT-25,2025,4,10,"October  ",3,"Friday   "
20251004,04-OCT-25,2025,4,10,"October  ",4,"Saturday "
20251005,05-OCT-25,2025,4,10,"October  ",5,"Sunday   "
20251006,06-OCT-25,2025,4,10,"October  ",6,"Monday   "
20251007,07-OCT-25,2025,4,10,"October  ",7,"Tuesday  "
20251008,08-OCT-25,2025,4,10,"October  ",8,"Wednesday"
20251009,09-OCT-25,2025,4,10,"October  ",9,"Thursday "
20251010,10-OCT-25,2025,4,10,"October  ",10,"Friday   "
20251011,11-OCT-25,2025,4,10,"October  ",11,"Saturday "
20251012,12-OCT-25,2025,4,10,"October  ",12,"Sunday   "
20251013,13-OCT-25,2025,4,10,"October  ",13,"Monday   "
20251014,14-OCT-25,2025,4,10,"October  ",14,"Tuesday  "
20251015,15-OCT-25,2025,4,10,"October  ",15,"Wednesday"
20251016,16-OCT-25,2025,4,10,"October  ",16,"Thursday "
20251017,17-OCT-25,2025,4,10,"October  ",17,"Friday   "
20251018,18-OCT-25,2025,4,10,"October  ",18,"Saturday "
20251019,19-OCT-25,2025,4,10,"October  ",19,"Sunday   "
20251020,20-OCT-25,2025,4,10,"October  ",20,"Monday   "
20251021,21-OCT-25,2025,4,10,"October  ",21,"Tuesday  "
20251022,22-OCT-25,2025,4,10,"October  ",22,"Wednesday"
20251023,23-OCT-25,2025,4,10,"October  ",23,"Thursday "
20251024,24-OCT-25,2025,4,10,"October  ",24,"Friday   "
20251025,25-OCT-25,2025,4,10,"October  ",25,"Saturday "
20251026,26-OCT-25,2025,4,10,"October  ",26,"Sunday   "
20251027,27-OCT-25,2025,4,10,"October  ",27,"Monday   "
20251028,28-OCT-25,2025,4,10,"October  ",28,"Tuesday  "
20251029,29-OCT-25,2025,4,10,"October  ",29,"Wednesday"
20251030,30-OCT-25,2025,4,10,"October  ",30,"Thursday "
20251031,31-OCT-25,2025,4,10,"October  ",31,"Friday   "
20251101,01-NOV-25,2025,4,11,"November ",1,"Saturday "
20251102,02-NOV-25,2025,4,11,"November ",2,"Sunday   "
20251103,03-NOV-25,2025,4,11,"November ",3,"Monday   "
20251104,04-NOV-25,2025,4,11,"November ",4,"Tuesday  "
20251105,05-NOV-25,2025,4,11,"November ",5,"Wednesday"
20251106,06-NOV-25,2025,4,11,"November ",6,"Thursday "
20251107,07-NOV-25,2025,4,11,"November ",7,"Friday   "
20251108,08-NOV-25,2025,4,11,"November ",8,"Saturday "
20251109,09-NOV-25,2025,4,11,"November ",9,"Sunday   "
20251110,10-NOV-25,2025,4,11,"November ",10,"Monday   "
20251111,11-NOV-25,2025,4,11,"November ",11,"Tuesday  "
20251112,12-NOV-25,2025,4,11,"November ",12,"Wednesday"
20251113,13-NOV-25,2025,4,11,"November ",13,"Thursday "
20251114,14-NOV-25,2025,4,11,"November ",14,"Friday   "
20251115,15-NOV-25,2025,4,11,"November ",15,"Saturday "
20251116,16-NOV-25,2025,4,11,"November ",16,"Sunday   "
20251117,17-NOV-25,2025,4,11,"November ",17,"Monday   "
20251118,18-NOV-25,2025,4,11,"November ",18,"Tuesday  "
20251119,19-NOV-25,2025,4,11,"November ",19,"Wednesday"
20251120,20-NOV-25,2025,4,11,"November ",20,"Thursday "
20251121,21-NOV-25,2025,4,11,"November ",21,"Friday   "
20251122,22-NOV-25,2025,4,11,"November ",22,"Saturday "
20251123,23-NOV-25,2025,4,11,"November ",23,"Sunday   "
20251124,24-NOV-25,2025,4,11,"November ",24,"Monday   "
20251125,25-NOV-25,2025,4,11,"November ",25,"Tuesday  "
20251126,26-NOV-25,2025,4,11,"November ",26,"Wednesday"
20251127,27-NOV-25,2025,4,11,"November ",27,"Thursday "
20251128,28-NOV-25,2025,4,11,"November ",28,"Friday   "
20251129,29-NOV-25,2025,4,11,"November ",29,"Saturday "
20251130,30-NOV-25,2025,4,11,"November ",30,"Sunday   "
20251201,01-DEC-25,2025,4,12,"December ",1,"Monday   "
20251202,02-DEC-25,2025,4,12,"December ",2,"Tuesday  "
20251203,03-DEC-25,2025,4,12,"December ",3,"Wednesday"
20251204,04-DEC-25,2025,4,12,"December ",4,"Thursday "
20251205,05-DEC-25,2025,4,12,"December ",5,"Friday   "
20251206,06-DEC-25,2025,4,12,"December ",6,"Saturday "
20251207,07-DEC-25,2025,4,12,"December ",7,"Sunday   "
20251208,08-DEC-25,2025,4,12,"December ",8,"Monday   "
20251209,09-DEC-25,2025,4,12,"December ",9,"Tuesday  "
20251210,10-DEC-25,2025,4,12,"December ",10,"Wednesday"
20251211,11-DEC-25,2025,4,12,"December ",11,"Thursday "
20251212,12-DEC-25,2025,4,12,"December ",12,"Friday   "
20251213,13-DEC-25,2025,4,12,"December ",13,"Saturday "
20251214,14-DEC-25,2025,4,12,"December ",14,"Sunday   "
20251215,15-DEC-25,2025,4,12,"December ",15,"Monday   "
20251216,16-DEC-25,2025,4,12,"December ",16,"Tuesday  "
20251217,17-DEC-25,2025,4,12,"December ",17,"Wednesday"
20251218,18-DEC-25,2025,4,12,"December ",18,"Thursday "
20251219,19-DEC-25,2025,4,12,"December ",19,"Friday   "
20251220,20-DEC-25,2025,4,12,"December ",20,"Saturday "
20251221,21-DEC-25,2025,4,12,"December ",21,"Sunday   "
20251222,22-DEC-25,2025,4,12,"December ",22,"Monday   "
20251223,23-DEC-25,2025,4,12,"December ",23,"Tuesday  "
20251224,24-DEC-25,2025,4,12,"December ",24,"Wednesday"
20251225,25-DEC-25,2025,4,12,"December ",25,"Thursday "
20251226,26-DEC-25,2025,4,12,"December ",26,"Friday   "
20251227,27-DEC-25,2025,4,12,"December ",27,"Saturday "
20251228,28-DEC-25,2025,4,12,"December ",28,"Sunday   "
20251229,29-DEC-25,2025,4,12,"December ",29,"Monday   "
20251230,30-DEC-25,2025,4,12,"December ",30,"Tuesday  "
20251231,31-DEC-25,2025,4,12,"December ",31,"Wednesday"
20260101,01-JAN-26,2026,1,1,"January  ",1,"Thursday "
20260102,02-JAN-26,2026,1,1,"January  ",2,"Friday   "
20260103,03-JAN-26,2026,1,1,"January  ",3,"Saturday "
20260104,04-JAN-26,2026,1,1,"January  ",4,"Sunday   "
20260105,05-JAN-26,2026,1,1,"January  ",5,"Monday   "
20260106,06-JAN-26,2026,1,1,"January  ",6,"Tuesday  "
20260107,07-JAN-26,2026,1,1,"January  ",7,"Wednesday"
20260108,08-JAN-26,2026,1,1,"January  ",8,"Thursday "
20260109,09-JAN-26,2026,1,1,"January  ",9,"Friday   "
20260110,10-JAN-26,2026,1,1,"January  ",10,"Saturday "
20260111,11-JAN-26,2026,1,1,"January  ",11,"Sunday   "
20260112,12-JAN-26,2026,1,1,"January  ",12,"Monday   "
20260113,13-JAN-26,2026,1,1,"January  ",13,"Tuesday  "
20260114,14-JAN-26,2026,1,1,"January  ",14,"Wednesday"
20260115,15-JAN-26,2026,1,1,"January  ",15,"Thursday "
20260116,16-JAN-26,2026,1,1,"January  ",16,"Friday   "
20260117,17-JAN-26,2026,1,1,"January  ",17,"Saturday "
20260118,18-JAN-26,2026,1,1,"January  ",18,"Sunday   "
20260119,19-JAN-26,2026,1,1,"January  ",19,"Monday   "
20260120,20-JAN-26,2026,1,1,"January  ",20,"Tuesday  "
20260121,21-JAN-26,2026,1,1,"January  ",21,"Wednesday"
20260122,22-JAN-26,2026,1,1,"January  ",22,"Thursday "
20260123,23-JAN-26,2026,1,1,"January  ",23,"Friday   "
20260124,24-JAN-26,2026,1,1,"January  ",24,"Saturday "
20260125,25-JAN-26,2026,1,1,"January  ",25,"Sunday   "
20260126,26-JAN-26,2026,1,1,"January  ",26,"Monday   "
20260127,27-JAN-26,2026,1,1,"January  ",27,"Tuesday  "
20260128,28-JAN-26,2026,1,1,"January  ",28,"Wednesday"
20260129,29-JAN-26,2026,1,1,"January  ",29,"Thursday "
20260130,30-JAN-26,2026,1,1,"January  ",30,"Friday   "
20260131,31-JAN-26,2026,1,1,"January  ",31,"Saturday "
20260201,01-FEB-26,2026,1,2,"February ",1,"Sunday   "
20260202,02-FEB-26,2026,1,2,"February ",2,"Monday   "
20260203,03-FEB-26,2026,1,2,"February ",3,"Tuesday  "
20260204,04-FEB-26,2026,1,2,"February ",4,"Wednesday"
20260205,05-FEB-26,2026,1,2,"February ",5,"Thursday "
20260206,06-FEB-26,2026,1,2,"February ",6,"Friday   "
20260207,07-FEB-26,2026,1,2,"February ",7,"Saturday "
20260208,08-FEB-26,2026,1,2,"February ",8,"Sunday   "
20260209,09-FEB-26,2026,1,2,"February ",9,"Monday   "
20260210,10-FEB-26,2026,1,2,"February ",10,"Tuesday  "
20260211,11-FEB-26,2026,1,2,"February ",11,"Wednesday"
20260212,12-FEB-26,2026,1,2,"February ",12,"Thursday "
20260213,13-FEB-26,2026,1,2,"February ",13,"Friday   "
20260214,14-FEB-26,2026,1,2,"February ",14,"Saturday "
20260215,15-FEB-26,2026,1,2,"February ",15,"Sunday   "
20260216,16-FEB-26,2026,1,2,"February ",16,"Monday   "
20260217,17-FEB-26,2026,1,2,"February ",17,"Tuesday  "
20260218,18-FEB-26,2026,1,2,"February ",18,"Wednesday"
20260219,19-FEB-26,2026,1,2,"February ",19,"Thursday "
20260220,20-FEB-26,2026,1,2,"February ",20,"Friday   "
20260221,21-FEB-26,2026,1,2,"February ",21,"Saturday "
20260222,22-FEB-26,2026,1,2,"February ",22,"Sunday   "
20260223,23-FEB-26,2026,1,2,"February ",23,"Monday   "
20260224,24-FEB-26,2026,1,2,"February ",24,"Tuesday  "
20260225,25-FEB-26,2026,1,2,"February ",25,"Wednesday"
20260226,26-FEB-26,2026,1,2,"February ",26,"Thursday "
20260227,27-FEB-26,2026,1,2,"February ",27,"Friday   "
20260228,28-FEB-26,2026,1,2,"February ",28,"Saturday "
20260301,01-MAR-26,2026,1,3,"March    ",1,"Sunday   "
20260302,02-MAR-26,2026,1,3,"March    ",2,"Monday   "
20260303,03-MAR-26,2026,1,3,"March    ",3,"Tuesday  "
20260304,04-MAR-26,2026,1,3,"March    ",4,"Wednesday"
20260305,05-MAR-26,2026,1,3,"March    ",5,"Thursday "
20260306,06-MAR-26,2026,1,3,"March    ",6,"Friday   "
20260307,07-MAR-26,2026,1,3,"March    ",7,"Saturday "
20260308,08-MAR-26,2026,1,3,"March    ",8,"Sunday   "
20260309,09-MAR-26,2026,1,3,"March    ",9,"Monday   "
20260310,10-MAR-26,2026,1,3,"March    ",10,"Tuesday  "
20260311,11-MAR-26,2026,1,3,"March    ",11,"Wednesday"
20260312,12-MAR-26,2026,1,3,"March    ",12,"Thursday "
20260313,13-MAR-26,2026,1,3,"March    ",13,"Friday   "
20260314,14-MAR-26,2026,1,3,"March    ",14,"Saturday "
20260315,15-MAR-26,2026,1,3,"March    ",15,"Sunday   "
20260316,16-MAR-26,2026,1,3,"March    ",16,"Monday   "
20260317,17-MAR-26,2026,1,3,"March    ",17,"Tuesday  "
20260318,18-MAR-26,2026,1,3,"March    ",18,"Wednesday"
20260319,19-MAR-26,2026,1,3,"March    ",19,"Thursday "
20260320,20-MAR-26,2026,1,3,"March    ",20,"Friday   "
20260321,21-MAR-26,2026,1,3,"March    ",21,"Saturday "
20260322,22-MAR-26,2026,1,3,"March    ",22,"Sunday   "
20260323,23-MAR-26,2026,1,3,"March    ",23,"Monday   "
20260324,24-MAR-26,2026,1,3,"March    ",24,"Tuesday  "
20260325,25-MAR-26,2026,1,3,"March    ",25,"Wednesday"
20260326,26-MAR-26,2026,1,3,"March    ",26,"Thursday "
20260327,27-MAR-26,2026,1,3,"March    ",27,"Friday   "
20260328,28-MAR-26,2026,1,3,"March    ",28,"Saturday "
20260329,29-MAR-26,2026,1,3,"March    ",29,"Sunday   "
20260330,30-MAR-26,2026,1,3,"March    ",30,"Monday   "
20260331,31-MAR-26,2026,1,3,"March    ",31,"Tuesday  "
20260401,01-APR-26,2026,2,4,"April    ",1,"Wednesday"
20260402,02-APR-26,2026,2,4,"April    ",2,"Thursday "
20260403,03-APR-26,2026,2,4,"April    ",3,"Friday   "
20260404,04-APR-26,2026,2,4,"April    ",4,"Saturday "
20260405,05-APR-26,2026,2,4,"April    ",5,"Sunday   "
20260406,06-APR-26,2026,2,4,"April    ",6,"Monday   "
20260407,07-APR-26,2026,2,4,"April    ",7,"Tuesday  "
20260408,08-APR-26,2026,2,4,"April    ",8,"Wednesday"
20260409,09-APR-26,2026,2,4,"April    ",9,"Thursday "
20260410,10-APR-26,2026,2,4,"April    ",10,"Friday   "
20260411,11-APR-26,2026,2,4,"April    ",11,"Saturday "
20260412,12-APR-26,2026,2,4,"April    ",12,"Sunday   "
20260413,13-APR-26,2026,2,4,"April    ",13,"Monday   "
20260414,14-APR-26,2026,2,4,"April    ",14,"Tuesday  "
20260415,15-APR-26,2026,2,4,"April    ",15,"Wednesday"
20260416,16-APR-26,2026,2,4,"April    ",16,"Thursday "
20260417,17-APR-26,2026,2,4,"April    ",17,"Friday   "
20260418,18-APR-26,2026,2,4,"April    ",18,"Saturday "
20260419,19-APR-26,2026,2,4,"April    ",19,"Sunday   "
20260420,20-APR-26,2026,2,4,"April    ",20,"Monday   "
20260421,21-APR-26,2026,2,4,"April    ",21,"Tuesday  "
20260422,22-APR-26,2026,2,4,"April    ",22,"Wednesday"
20260423,23-APR-26,2026,2,4,"April    ",23,"Thursday "
20260424,24-APR-26,2026,2,4,"April    ",24,"Friday   "
20260425,25-APR-26,2026,2,4,"April    ",25,"Saturday "
20260426,26-APR-26,2026,2,4,"April    ",26,"Sunday   "
20260427,27-APR-26,2026,2,4,"April    ",27,"Monday   "
20260428,28-APR-26,2026,2,4,"April    ",28,"Tuesday  "
20260429,29-APR-26,2026,2,4,"April    ",29,"Wednesday"
20260430,30-APR-26,2026,2,4,"April    ",30,"Thursday "
20260501,01-MAY-26,2026,2,5,"May      ",1,"Friday   "
20260502,02-MAY-26,2026,2,5,"May      ",2,"Saturday "
20260503,03-MAY-26,2026,2,5,"May      ",3,"Sunday   "
20260504,04-MAY-26,2026,2,5,"May      ",4,"Monday   "
20260505,05-MAY-26,2026,2,5,"May      ",5,"Tuesday  "
20260506,06-MAY-26,2026,2,5,"May      ",6,"Wednesday"
20260507,07-MAY-26,2026,2,5,"May      ",7,"Thursday "
20260508,08-MAY-26,2026,2,5,"May      ",8,"Friday   "
20260509,09-MAY-26,2026,2,5,"May      ",9,"Saturday "
20260510,10-MAY-26,2026,2,5,"May      ",10,"Sunday   "
20260511,11-MAY-26,2026,2,5,"May      ",11,"Monday   "
20260512,12-MAY-26,2026,2,5,"May      ",12,"Tuesday  "
20260513,13-MAY-26,2026,2,5,"May      ",13,"Wednesday"
20260514,14-MAY-26,2026,2,5,"May      ",14,"Thursday "
20260515,15-MAY-26,2026,2,5,"May      ",15,"Friday   "
20260516,16-MAY-26,2026,2,5,"May      ",16,"Saturday "
20260517,17-MAY-26,2026,2,5,"May      ",17,"Sunday   "
20260518,18-MAY-26,2026,2,5,"May      ",18,"Monday   "
20260519,19-MAY-26,2026,2,5,"May      ",19,"Tuesday  "
20260520,20-MAY-26,2026,2,5,"May      ",20,"Wednesday"
20260521,21-MAY-26,2026,2,5,"May      ",21,"Thursday "
20260522,22-MAY-26,2026,2,5,"May      ",22,"Friday   "
20260523,23-MAY-26,2026,2,5,"May      ",23,"Saturday "
20260524,24-MAY-26,2026,2,5,"May      ",24,"Sunday   "
20260525,25-MAY-26,2026,2,5,"May      ",25,"Monday   "
20260526,26-MAY-26,2026,2,5,"May      ",26,"Tuesday  "
20260527,27-MAY-26,2026,2,5,"May      ",27,"Wednesday"
20260528,28-MAY-26,2026,2,5,"May      ",28,"Thursday "
20260529,29-MAY-26,2026,2,5,"May      ",29,"Friday   "
20260530,30-MAY-26,2026,2,5,"May      ",30,"Saturday "
20260531,31-MAY-26,2026,2,5,"May      ",31,"Sunday   "
20260601,01-JUN-26,2026,2,6,"June     ",1,"Monday   "
20260602,02-JUN-26,2026,2,6,"June     ",2,"Tuesday  "
20260603,03-JUN-26,2026,2,6,"June     ",3,"Wednesday"
20260604,04-JUN-26,2026,2,6,"June     ",4,"Thursday "
20260605,05-JUN-26,2026,2,6,"June     ",5,"Friday   "
20260606,06-JUN-26,2026,2,6,"June     ",6,"Saturday "
20260607,07-JUN-26,2026,2,6,"June     ",7,"Sunday   "
20260608,08-JUN-26,2026,2,6,"June     ",8,"Monday   "
20260609,09-JUN-26,2026,2,6,"June     ",9,"Tuesday  "
20260610,10-JUN-26,2026,2,6,"June     ",10,"Wednesday"
20260611,11-JUN-26,2026,2,6,"June     ",11,"Thursday "
20260612,12-JUN-26,2026,2,6,"June     ",12,"Friday   "
20260613,13-JUN-26,2026,2,6,"June     ",13,"Saturday "
20260614,14-JUN-26,2026,2,6,"June     ",14,"Sunday   "
20260615,15-JUN-26,2026,2,6,"June     ",15,"Monday   "
20260616,16-JUN-26,2026,2,6,"June     ",16,"Tuesday  "
20260617,17-JUN-26,2026,2,6,"June     ",17,"Wednesday"
20260618,18-JUN-26,2026,2,6,"June     ",18,"Thursday "
20260619,19-JUN-26,2026,2,6,"June     ",19,"Friday   "
20260620,20-JUN-26,2026,2,6,"June     ",20,"Saturday "
20260621,21-JUN-26,2026,2,6,"June     ",21,"Sunday   "
20260622,22-JUN-26,2026,2,6,"June     ",22,"Monday   "
20260623,23-JUN-26,2026,2,6,"June     ",23,"Tuesday  "
20260624,24-JUN-26,2026,2,6,"June     ",24,"Wednesday"
20260625,25-JUN-26,2026,2,6,"June     ",25,"Thursday "
20260626,26-JUN-26,2026,2,6,"June     ",26,"Friday   "
20260627,27-JUN-26,2026,2,6,"June     ",27,"Saturday "
20260628,28-JUN-26,2026,2,6,"June     ",28,"Sunday   "
20260629,29-JUN-26,2026,2,6,"June     ",29,"Monday   "
20260630,30-JUN-26,2026,2,6,"June     ",30,"Tuesday  "
20260701,01-JUL-26,2026,3,7,"July     ",1,"Wednesday"
20260702,02-JUL-26,2026,3,7,"July     ",2,"Thursday "
20260703,03-JUL-26,2026,3,7,"July     ",3,"Friday   "
20260704,04-JUL-26,2026,3,7,"July     ",4,"Saturday "
20260705,05-JUL-26,2026,3,7,"July     ",5,"Sunday   "
20260706,06-JUL-26,2026,3,7,"July     ",6,"Monday   "
20260707,07-JUL-26,2026,3,7,"July     ",7,"Tuesday  "
20260708,08-JUL-26,2026,3,7,"July     ",8,"Wednesday"
20260709,09-JUL-26,2026,3,7,"July     ",9,"Thursday "
20260710,10-JUL-26,2026,3,7,"July     ",10,"Friday   "
20260711,11-JUL-26,2026,3,7,"July     ",11,"Saturday "
20260712,12-JUL-26,2026,3,7,"July     ",12,"Sunday   "
20260713,13-JUL-26,2026,3,7,"July     ",13,"Monday   "
20260714,14-JUL-26,2026,3,7,"July     ",14,"Tuesday  "
20260715,15-JUL-26,2026,3,7,"July     ",15,"Wednesday"
20260716,16-JUL-26,2026,3,7,"July     ",16,"Thursday "
20260717,17-JUL-26,2026,3,7,"July     ",17,"Friday   "
20260718,18-JUL-26,2026,3,7,"July     ",18,"Saturday "
20260719,19-JUL-26,2026,3,7,"July     ",19,"Sunday   "
20260720,20-JUL-26,2026,3,7,"July     ",20,"Monday   "
20260721,21-JUL-26,2026,3,7,"July     ",21,"Tuesday  "
20260722,22-JUL-26,2026,3,7,"July     ",22,"Wednesday"
20260723,23-JUL-26,2026,3,7,"July     ",23,"Thursday "
20260724,24-JUL-26,2026,3,7,"July     ",24,"Friday   "
20260725,25-JUL-26,2026,3,7,"July     ",25,"Saturday "
20260726,26-JUL-26,2026,3,7,"July     ",26,"Sunday   "
20260727,27-JUL-26,2026,3,7,"July     ",27,"Monday   "
20260728,28-JUL-26,2026,3,7,"July     ",28,"Tuesday  "
20260729,29-JUL-26,2026,3,7,"July     ",29,"Wednesday"
20260730,30-JUL-26,2026,3,7,"July     ",30,"Thursday "
20260731,31-JUL-26,2026,3,7,"July     ",31,"Friday   "
20260801,01-AUG-26,2026,3,8,"August   ",1,"Saturday "
20260802,02-AUG-26,2026,3,8,"August   ",2,"Sunday   "
20260803,03-AUG-26,2026,3,8,"August   ",3,"Monday   "
20260804,04-AUG-26,2026,3,8,"August   ",4,"Tuesday  "
20260805,05-AUG-26,2026,3,8,"August   ",5,"Wednesday"
20260806,06-AUG-26,2026,3,8,"August   ",6,"Thursday "
20260807,07-AUG-26,2026,3,8,"August   ",7,"Friday   "
20260808,08-AUG-26,2026,3,8,"August   ",8,"Saturday "
20260809,09-AUG-26,2026,3,8,"August   ",9,"Sunday   "
20260810,10-AUG-26,2026,3,8,"August   ",10,"Monday   "
20260811,11-AUG-26,2026,3,8,"August   ",11,"Tuesday  "
20260812,12-AUG-26,2026,3,8,"August   ",12,"Wednesday"
20260813,13-AUG-26,2026,3,8,"August   ",13,"Thursday "
20260814,14-AUG-26,2026,3,8,"August   ",14,"Friday   "
20260815,15-AUG-26,2026,3,8,"August   ",15,"Saturday "
20260816,16-AUG-26,2026,3,8,"August   ",16,"Sunday   "
20260817,17-AUG-26,2026,3,8,"August   ",17,"Monday   "
20260818,18-AUG-26,2026,3,8,"August   ",18,"Tuesday  "
20260819,19-AUG-26,2026,3,8,"August   ",19,"Wednesday"
20260820,20-AUG-26,2026,3,8,"August   ",20,"Thursday "
20260821,21-AUG-26,2026,3,8,"August   ",21,"Friday   "
20260822,22-AUG-26,2026,3,8,"August   ",22,"Saturday "
20260823,23-AUG-26,2026,3,8,"August   ",23,"Sunday   "
20260824,24-AUG-26,2026,3,8,"August   ",24,"Monday   "
20260825,25-AUG-26,2026,3,8,"August   ",25,"Tuesday  "
20260826,26-AUG-26,2026,3,8,"August   ",26,"Wednesday"
20260827,27-AUG-26,2026,3,8,"August   ",27,"Thursday "
20260828,28-AUG-26,2026,3,8,"August   ",28,"Friday   "
20260829,29-AUG-26,2026,3,8,"August   ",29,"Saturday "
20260830,30-AUG-26,2026,3,8,"August   ",30,"Sunday   "
20260831,31-AUG-26,2026,3,8,"August   ",31,"Monday   "
20260901,01-SEP-26,2026,3,9,"September",1,"Tuesday  "
20260902,02-SEP-26,2026,3,9,"September",2,"Wednesday"
20260903,03-SEP-26,2026,3,9,"September",3,"Thursday "
20260904,04-SEP-26,2026,3,9,"September",4,"Friday   "
20260905,05-SEP-26,2026,3,9,"September",5,"Saturday "
20260906,06-SEP-26,2026,3,9,"September",6,"Sunday   "
20260907,07-SEP-26,2026,3,9,"September",7,"Monday   "
20260908,08-SEP-26,2026,3,9,"September",8,"Tuesday  "
20260909,09-SEP-26,2026,3,9,"September",9,"Wednesday"
20260910,10-SEP-26,2026,3,9,"September",10,"Thursday "
20260911,11-SEP-26,2026,3,9,"September",11,"Friday   "
20260912,12-SEP-26,2026,3,9,"September",12,"Saturday "
20260913,13-SEP-26,2026,3,9,"September",13,"Sunday   "
20260914,14-SEP-26,2026,3,9,"September",14,"Monday   "
20260915,15-SEP-26,2026,3,9,"September",15,"Tuesday  "
20260916,16-SEP-26,2026,3,9,"September",16,"Wednesday"
20260917,17-SEP-26,2026,3,9,"September",17,"Thursday "
20260918,18-SEP-26,2026,3,9,"September",18,"Friday   "
20260919,19-SEP-26,2026,3,9,"September",19,"Saturday "
20260920,20-SEP-26,2026,3,9,"September",20,"Sunday   "
20260921,21-SEP-26,2026,3,9,"September",21,"Monday   "
20260922,22-SEP-26,2026,3,9,"September",22,"Tuesday  "
20260923,23-SEP-26,2026,3,9,"September",23,"Wednesday"
20260924,24-SEP-26,2026,3,9,"September",24,"Thursday "
20260925,25-SEP-26,2026,3,9,"September",25,"Friday   "
20260926,26-SEP-26,2026,3,9,"September",26,"Saturday "
20260927,27-SEP-26,2026,3,9,"September",27,"Sunday   "
20260928,28-SEP-26,2026,3,9,"September",28,"Monday   "
20260929,29-SEP-26,2026,3,9,"September",29,"Tuesday  "
20260930,30-SEP-26,2026,3,9,"September",30,"Wednesday"
20261001,01-OCT-26,2026,4,10,"October  ",1,"Thursday "
20261002,02-OCT-26,2026,4,10,"October  ",2,"Friday   "
20261003,03-OCT-26,2026,4,10,"October  ",3,"Saturday "
20261004,04-OCT-26,2026,4,10,"October  ",4,"Sunday   "
20261005,05-OCT-26,2026,4,10,"October  ",5,"Monday   "
20261006,06-OCT-26,2026,4,10,"October  ",6,"Tuesday  "
20261007,07-OCT-26,2026,4,10,"October  ",7,"Wednesday"
20261008,08-OCT-26,2026,4,10,"October  ",8,"Thursday "
20261009,09-OCT-26,2026,4,10,"October  ",9,"Friday   "
20261010,10-OCT-26,2026,4,10,"October  ",10,"Saturday "
20261011,11-OCT-26,2026,4,10,"October  ",11,"Sunday   "
20261012,12-OCT-26,2026,4,10,"October  ",12,"Monday   "
20261013,13-OCT-26,2026,4,10,"October  ",13,"Tuesday  "
20261014,14-OCT-26,2026,4,10,"October  ",14,"Wednesday"
20261015,15-OCT-26,2026,4,10,"October  ",15,"Thursday "
20261016,16-OCT-26,2026,4,10,"October  ",16,"Friday   "
20261017,17-OCT-26,2026,4,10,"October  ",17,"Saturday "
20261018,18-OCT-26,2026,4,10,"October  ",18,"Sunday   "
20261019,19-OCT-26,2026,4,10,"October  ",19,"Monday   "
20261020,20-OCT-26,2026,4,10,"October  ",20,"Tuesday  "
20261021,21-OCT-26,2026,4,10,"October  ",21,"Wednesday"
20261022,22-OCT-26,2026,4,10,"October  ",22,"Thursday "
20261023,23-OCT-26,2026,4,10,"October  ",23,"Friday   "
20261024,24-OCT-26,2026,4,10,"October  ",24,"Saturday "
20261025,25-OCT-26,2026,4,10,"October  ",25,"Sunday   "
20261026,26-OCT-26,2026,4,10,"October  ",26,"Monday   "
20261027,27-OCT-26,2026,4,10,"October  ",27,"Tuesday  "
20261028,28-OCT-26,2026,4,10,"October  ",28,"Wednesday"
20261029,29-OCT-26,2026,4,10,"October  ",29,"Thursday "
20261030,30-OCT-26,2026,4,10,"October  ",30,"Friday   "
20261031,31-OCT-26,2026,4,10,"October  ",31,"Saturday "
20261101,01-NOV-26,2026,4,11,"November ",1,"Sunday   "
20261102,02-NOV-26,2026,4,11,"November ",2,"Monday   "
20261103,03-NOV-26,2026,4,11,"November ",3,"Tuesday  "
20261104,04-NOV-26,2026,4,11,"November ",4,"Wednesday"
20261105,05-NOV-26,2026,4,11,"November ",5,"Thursday "
20261106,06-NOV-26,2026,4,11,"November ",6,"Friday   "
20261107,07-NOV-26,2026,4,11,"November ",7,"Saturday "
20261108,08-NOV-26,2026,4,11,"November ",8,"Sunday   "
20261109,09-NOV-26,2026,4,11,"November ",9,"Monday   "
20261110,10-NOV-26,2026,4,11,"November ",10,"Tuesday  "
20261111,11-NOV-26,2026,4,11,"November ",11,"Wednesday"
20261112,12-NOV-26,2026,4,11,"November ",12,"Thursday "
20261113,13-NOV-26,2026,4,11,"November ",13,"Friday   "
20261114,14-NOV-26,2026,4,11,"November ",14,"Saturday "
20261115,15-NOV-26,2026,4,11,"November ",15,"Sunday   "
20261116,16-NOV-26,2026,4,11,"November ",16,"Monday   "
20261117,17-NOV-26,2026,4,11,"November ",17,"Tuesday  "
20261118,18-NOV-26,2026,4,11,"November ",18,"Wednesday"
20261119,19-NOV-26,2026,4,11,"November ",19,"Thursday "
20261120,20-NOV-26,2026,4,11,"November ",20,"Friday   "
20261121,21-NOV-26,2026,4,11,"November ",21,"Saturday "
20261122,22-NOV-26,2026,4,11,"November ",22,"Sunday   "
20261123,23-NOV-26,2026,4,11,"November ",23,"Monday   "
20261124,24-NOV-26,2026,4,11,"November ",24,"Tuesday  "
20261125,25-NOV-26,2026,4,11,"November ",25,"Wednesday"
20261126,26-NOV-26,2026,4,11,"November ",26,"Thursday "
20261127,27-NOV-26,2026,4,11,"November ",27,"Friday   "
20261128,28-NOV-26,2026,4,11,"November ",28,"Saturday "
20261129,29-NOV-26,2026,4,11,"November ",29,"Sunday   "
20261130,30-NOV-26,2026,4,11,"November ",30,"Monday   "
20261201,01-DEC-26,2026,4,12,"December ",1,"Tuesday  "
20261202,02-DEC-26,2026,4,12,"December ",2,"Wednesday"
20261203,03-DEC-26,2026,4,12,"December ",3,"Thursday "
20261204,04-DEC-26,2026,4,12,"December ",4,"Friday   "
20261205,05-DEC-26,2026,4,12,"December ",5,"Saturday "
20261206,06-DEC-26,2026,4,12,"December ",6,"Sunday   "
20261207,07-DEC-26,2026,4,12,"December ",7,"Monday   "
20261208,08-DEC-26,2026,4,12,"December ",8,"Tuesday  "
20261209,09-DEC-26,2026,4,12,"December ",9,"Wednesday"
20261210,10-DEC-26,2026,4,12,"December ",10,"Thursday "
20261211,11-DEC-26,2026,4,12,"December ",11,"Friday   "
20261212,12-DEC-26,2026,4,12,"December ",12,"Saturday "
20261213,13-DEC-26,2026,4,12,"December ",13,"Sunday   "
20261214,14-DEC-26,2026,4,12,"December ",14,"Monday   "
20261215,15-DEC-26,2026,4,12,"December ",15,"Tuesday  "
20261216,16-DEC-26,2026,4,12,"December ",16,"Wednesday"
20261217,17-DEC-26,2026,4,12,"December ",17,"Thursday "
20261218,18-DEC-26,2026,4,12,"December ",18,"Friday   "
20261219,19-DEC-26,2026,4,12,"December ",19,"Saturday "
20261220,20-DEC-26,2026,4,12,"December ",20,"Sunday   "
20261221,21-DEC-26,2026,4,12,"December ",21,"Monday   "
20261222,22-DEC-26,2026,4,12,"December ",22,"Tuesday  "
20261223,23-DEC-26,2026,4,12,"December ",23,"Wednesday"
20261224,24-DEC-26,2026,4,12,"December ",24,"Thursday "
20261225,25-DEC-26,2026,4,12,"December ",25,"Friday   "
20261226,26-DEC-26,2026,4,12,"December ",26,"Saturday "
20261227,27-DEC-26,2026,4,12,"December ",27,"Sunday   "
20261228,28-DEC-26,2026,4,12,"December ",28,"Monday   "
20261229,29-DEC-26,2026,4,12,"December ",29,"Tuesday  "
20261230,30-DEC-26,2026,4,12,"December ",30,"Wednesday"
20261231,31-DEC-26,2026,4,12,"December ",31,"Thursday "
20270101,01-JAN-27,2027,1,1,"January  ",1,"Friday   "
20270102,02-JAN-27,2027,1,1,"January  ",2,"Saturday "
20270103,03-JAN-27,2027,1,1,"January  ",3,"Sunday   "
20270104,04-JAN-27,2027,1,1,"January  ",4,"Monday   "
20270105,05-JAN-27,2027,1,1,"January  ",5,"Tuesday  "
20270106,06-JAN-27,2027,1,1,"January  ",6,"Wednesday"
20270107,07-JAN-27,2027,1,1,"January  ",7,"Thursday "
20270108,08-JAN-27,2027,1,1,"January  ",8,"Friday   "
20270109,09-JAN-27,2027,1,1,"January  ",9,"Saturday "
20270110,10-JAN-27,2027,1,1,"January  ",10,"Sunday   "
20270111,11-JAN-27,2027,1,1,"January  ",11,"Monday   "
20270112,12-JAN-27,2027,1,1,"January  ",12,"Tuesday  "
20270113,13-JAN-27,2027,1,1,"January  ",13,"Wednesday"
20270114,14-JAN-27,2027,1,1,"January  ",14,"Thursday "
20270115,15-JAN-27,2027,1,1,"January  ",15,"Friday   "
20270116,16-JAN-27,2027,1,1,"January  ",16,"Saturday "
20270117,17-JAN-27,2027,1,1,"January  ",17,"Sunday   "
20270118,18-JAN-27,2027,1,1,"January  ",18,"Monday   "
20270119,19-JAN-27,2027,1,1,"January  ",19,"Tuesday  "
20270120,20-JAN-27,2027,1,1,"January  ",20,"Wednesday"
20270121,21-JAN-27,2027,1,1,"January  ",21,"Thursday "
20270122,22-JAN-27,2027,1,1,"January  ",22,"Friday   "
20270123,23-JAN-27,2027,1,1,"January  ",23,"Saturday "
20270124,24-JAN-27,2027,1,1,"January  ",24,"Sunday   "
20270125,25-JAN-27,2027,1,1,"January  ",25,"Monday   "
20270126,26-JAN-27,2027,1,1,"January  ",26,"Tuesday  "
20270127,27-JAN-27,2027,1,1,"January  ",27,"Wednesday"
20270128,28-JAN-27,2027,1,1,"January  ",28,"Thursday "
20270129,29-JAN-27,2027,1,1,"January  ",29,"Friday   "
20270130,30-JAN-27,2027,1,1,"January  ",30,"Saturday "
20270131,31-JAN-27,2027,1,1,"January  ",31,"Sunday   "
20270201,01-FEB-27,2027,1,2,"February ",1,"Monday   "
20270202,02-FEB-27,2027,1,2,"February ",2,"Tuesday  "
20270203,03-FEB-27,2027,1,2,"February ",3,"Wednesday"
20270204,04-FEB-27,2027,1,2,"February ",4,"Thursday "
20270205,05-FEB-27,2027,1,2,"February ",5,"Friday   "
20270206,06-FEB-27,2027,1,2,"February ",6,"Saturday "
20270207,07-FEB-27,2027,1,2,"February ",7,"Sunday   "
20270208,08-FEB-27,2027,1,2,"February ",8,"Monday   "
20270209,09-FEB-27,2027,1,2,"February ",9,"Tuesday  "
20270210,10-FEB-27,2027,1,2,"February ",10,"Wednesday"
20270211,11-FEB-27,2027,1,2,"February ",11,"Thursday "
20270212,12-FEB-27,2027,1,2,"February ",12,"Friday   "
20270213,13-FEB-27,2027,1,2,"February ",13,"Saturday "
20270214,14-FEB-27,2027,1,2,"February ",14,"Sunday   "
20270215,15-FEB-27,2027,1,2,"February ",15,"Monday   "
20270216,16-FEB-27,2027,1,2,"February ",16,"Tuesday  "
20270217,17-FEB-27,2027,1,2,"February ",17,"Wednesday"
20270218,18-FEB-27,2027,1,2,"February ",18,"Thursday "
20270219,19-FEB-27,2027,1,2,"February ",19,"Friday   "
20270220,20-FEB-27,2027,1,2,"February ",20,"Saturday "
20270221,21-FEB-27,2027,1,2,"February ",21,"Sunday   "
20270222,22-FEB-27,2027,1,2,"February ",22,"Monday   "
20270223,23-FEB-27,2027,1,2,"February ",23,"Tuesday  "
20270224,24-FEB-27,2027,1,2,"February ",24,"Wednesday"
20270225,25-FEB-27,2027,1,2,"February ",25,"Thursday "
20270226,26-FEB-27,2027,1,2,"February ",26,"Friday   "
20270227,27-FEB-27,2027,1,2,"February ",27,"Saturday "
20270228,28-FEB-27,2027,1,2,"February ",28,"Sunday   "
20270301,01-MAR-27,2027,1,3,"March    ",1,"Monday   "
20270302,02-MAR-27,2027,1,3,"March    ",2,"Tuesday  "
20270303,03-MAR-27,2027,1,3,"March    ",3,"Wednesday"
20270304,04-MAR-27,2027,1,3,"March    ",4,"Thursday "
20270305,05-MAR-27,2027,1,3,"March    ",5,"Friday   "
20270306,06-MAR-27,2027,1,3,"March    ",6,"Saturday "
20270307,07-MAR-27,2027,1,3,"March    ",7,"Sunday   "
20270308,08-MAR-27,2027,1,3,"March    ",8,"Monday   "
20270309,09-MAR-27,2027,1,3,"March    ",9,"Tuesday  "
20270310,10-MAR-27,2027,1,3,"March    ",10,"Wednesday"
20270311,11-MAR-27,2027,1,3,"March    ",11,"Thursday "
20270312,12-MAR-27,2027,1,3,"March    ",12,"Friday   "
20270313,13-MAR-27,2027,1,3,"March    ",13,"Saturday "
20270314,14-MAR-27,2027,1,3,"March    ",14,"Sunday   "
20270315,15-MAR-27,2027,1,3,"March    ",15,"Monday   "
20270316,16-MAR-27,2027,1,3,"March    ",16,"Tuesday  "
20270317,17-MAR-27,2027,1,3,"March    ",17,"Wednesday"
20270318,18-MAR-27,2027,1,3,"March    ",18,"Thursday "
20270319,19-MAR-27,2027,1,3,"March    ",19,"Friday   "
20270320,20-MAR-27,2027,1,3,"March    ",20,"Saturday "
20270321,21-MAR-27,2027,1,3,"March    ",21,"Sunday   "
20270322,22-MAR-27,2027,1,3,"March    ",22,"Monday   "
20270323,23-MAR-27,2027,1,3,"March    ",23,"Tuesday  "
20270324,24-MAR-27,2027,1,3,"March    ",24,"Wednesday"
20270325,25-MAR-27,2027,1,3,"March    ",25,"Thursday "
20270326,26-MAR-27,2027,1,3,"March    ",26,"Friday   "
20270327,27-MAR-27,2027,1,3,"March    ",27,"Saturday "
20270328,28-MAR-27,2027,1,3,"March    ",28,"Sunday   "
20270329,29-MAR-27,2027,1,3,"March    ",29,"Monday   "
20270330,30-MAR-27,2027,1,3,"March    ",30,"Tuesday  "
20270331,31-MAR-27,2027,1,3,"March    ",31,"Wednesday"
20270401,01-APR-27,2027,2,4,"April    ",1,"Thursday "
20270402,02-APR-27,2027,2,4,"April    ",2,"Friday   "
20270403,03-APR-27,2027,2,4,"April    ",3,"Saturday "
20270404,04-APR-27,2027,2,4,"April    ",4,"Sunday   "
20270405,05-APR-27,2027,2,4,"April    ",5,"Monday   "
20270406,06-APR-27,2027,2,4,"April    ",6,"Tuesday  "
20270407,07-APR-27,2027,2,4,"April    ",7,"Wednesday"
20270408,08-APR-27,2027,2,4,"April    ",8,"Thursday "
20270409,09-APR-27,2027,2,4,"April    ",9,"Friday   "
20270410,10-APR-27,2027,2,4,"April    ",10,"Saturday "
20270411,11-APR-27,2027,2,4,"April    ",11,"Sunday   "
20270412,12-APR-27,2027,2,4,"April    ",12,"Monday   "
20270413,13-APR-27,2027,2,4,"April    ",13,"Tuesday  "
20270414,14-APR-27,2027,2,4,"April    ",14,"Wednesday"
20270415,15-APR-27,2027,2,4,"April    ",15,"Thursday "
20270416,16-APR-27,2027,2,4,"April    ",16,"Friday   "
20270417,17-APR-27,2027,2,4,"April    ",17,"Saturday "
20270418,18-APR-27,2027,2,4,"April    ",18,"Sunday   "
20270419,19-APR-27,2027,2,4,"April    ",19,"Monday   "
20270420,20-APR-27,2027,2,4,"April    ",20,"Tuesday  "
20270421,21-APR-27,2027,2,4,"April    ",21,"Wednesday"
20270422,22-APR-27,2027,2,4,"April    ",22,"Thursday "
20270423,23-APR-27,2027,2,4,"April    ",23,"Friday   "
20270424,24-APR-27,2027,2,4,"April    ",24,"Saturday "
20270425,25-APR-27,2027,2,4,"April    ",25,"Sunday   "
20270426,26-APR-27,2027,2,4,"April    ",26,"Monday   "
20270427,27-APR-27,2027,2,4,"April    ",27,"Tuesday  "
20270428,28-APR-27,2027,2,4,"April    ",28,"Wednesday"
20270429,29-APR-27,2027,2,4,"April    ",29,"Thursday "
20270430,30-APR-27,2027,2,4,"April    ",30,"Friday   "
20270501,01-MAY-27,2027,2,5,"May      ",1,"Saturday "
20270502,02-MAY-27,2027,2,5,"May      ",2,"Sunday   "
20270503,03-MAY-27,2027,2,5,"May      ",3,"Monday   "
20270504,04-MAY-27,2027,2,5,"May      ",4,"Tuesday  "
20270505,05-MAY-27,2027,2,5,"May      ",5,"Wednesday"
20270506,06-MAY-27,2027,2,5,"May      ",6,"Thursday "
20270507,07-MAY-27,2027,2,5,"May      ",7,"Friday   "
20270508,08-MAY-27,2027,2,5,"May      ",8,"Saturday "
20270509,09-MAY-27,2027,2,5,"May      ",9,"Sunday   "
20270510,10-MAY-27,2027,2,5,"May      ",10,"Monday   "
20270511,11-MAY-27,2027,2,5,"May      ",11,"Tuesday  "
20270512,12-MAY-27,2027,2,5,"May      ",12,"Wednesday"
20270513,13-MAY-27,2027,2,5,"May      ",13,"Thursday "
20270514,14-MAY-27,2027,2,5,"May      ",14,"Friday   "
20270515,15-MAY-27,2027,2,5,"May      ",15,"Saturday "
20270516,16-MAY-27,2027,2,5,"May      ",16,"Sunday   "
20270517,17-MAY-27,2027,2,5,"May      ",17,"Monday   "
20270518,18-MAY-27,2027,2,5,"May      ",18,"Tuesday  "
20270519,19-MAY-27,2027,2,5,"May      ",19,"Wednesday"
20270520,20-MAY-27,2027,2,5,"May      ",20,"Thursday "
20270521,21-MAY-27,2027,2,5,"May      ",21,"Friday   "
20270522,22-MAY-27,2027,2,5,"May      ",22,"Saturday "
20270523,23-MAY-27,2027,2,5,"May      ",23,"Sunday   "
20270524,24-MAY-27,2027,2,5,"May      ",24,"Monday   "
20270525,25-MAY-27,2027,2,5,"May      ",25,"Tuesday  "
20270526,26-MAY-27,2027,2,5,"May      ",26,"Wednesday"
20270527,27-MAY-27,2027,2,5,"May      ",27,"Thursday "
20270528,28-MAY-27,2027,2,5,"May      ",28,"Friday   "
20270529,29-MAY-27,2027,2,5,"May      ",29,"Saturday "
20270530,30-MAY-27,2027,2,5,"May      ",30,"Sunday   "
20270531,31-MAY-27,2027,2,5,"May      ",31,"Monday   "
20270601,01-JUN-27,2027,2,6,"June     ",1,"Tuesday  "
20270602,02-JUN-27,2027,2,6,"June     ",2,"Wednesday"
20270603,03-JUN-27,2027,2,6,"June     ",3,"Thursday "
20270604,04-JUN-27,2027,2,6,"June     ",4,"Friday   "
20270605,05-JUN-27,2027,2,6,"June     ",5,"Saturday "
20270606,06-JUN-27,2027,2,6,"June     ",6,"Sunday   "
20270607,07-JUN-27,2027,2,6,"June     ",7,"Monday   "
20270608,08-JUN-27,2027,2,6,"June     ",8,"Tuesday  "
20270609,09-JUN-27,2027,2,6,"June     ",9,"Wednesday"
20270610,10-JUN-27,2027,2,6,"June     ",10,"Thursday "
20270611,11-JUN-27,2027,2,6,"June     ",11,"Friday   "
20270612,12-JUN-27,2027,2,6,"June     ",12,"Saturday "
20270613,13-JUN-27,2027,2,6,"June     ",13,"Sunday   "
20270614,14-JUN-27,2027,2,6,"June     ",14,"Monday   "
20270615,15-JUN-27,2027,2,6,"June     ",15,"Tuesday  "
20270616,16-JUN-27,2027,2,6,"June     ",16,"Wednesday"
20270617,17-JUN-27,2027,2,6,"June     ",17,"Thursday "
20270618,18-JUN-27,2027,2,6,"June     ",18,"Friday   "
20270619,19-JUN-27,2027,2,6,"June     ",19,"Saturday "
20270620,20-JUN-27,2027,2,6,"June     ",20,"Sunday   "
20270621,21-JUN-27,2027,2,6,"June     ",21,"Monday   "
20270622,22-JUN-27,2027,2,6,"June     ",22,"Tuesday  "
20270623,23-JUN-27,2027,2,6,"June     ",23,"Wednesday"
20270624,24-JUN-27,2027,2,6,"June     ",24,"Thursday "
20270625,25-JUN-27,2027,2,6,"June     ",25,"Friday   "
20270626,26-JUN-27,2027,2,6,"June     ",26,"Saturday "
20270627,27-JUN-27,2027,2,6,"June     ",27,"Sunday   "
20270628,28-JUN-27,2027,2,6,"June     ",28,"Monday   "
20270629,29-JUN-27,2027,2,6,"June     ",29,"Tuesday  "
20270630,30-JUN-27,2027,2,6,"June     ",30,"Wednesday"
20270701,01-JUL-27,2027,3,7,"July     ",1,"Thursday "
20270702,02-JUL-27,2027,3,7,"July     ",2,"Friday   "
20270703,03-JUL-27,2027,3,7,"July     ",3,"Saturday "
20270704,04-JUL-27,2027,3,7,"July     ",4,"Sunday   "
20270705,05-JUL-27,2027,3,7,"July     ",5,"Monday   "
20270706,06-JUL-27,2027,3,7,"July     ",6,"Tuesday  "
20270707,07-JUL-27,2027,3,7,"July     ",7,"Wednesday"
20270708,08-JUL-27,2027,3,7,"July     ",8,"Thursday "
20270709,09-JUL-27,2027,3,7,"July     ",9,"Friday   "
20270710,10-JUL-27,2027,3,7,"July     ",10,"Saturday "
20270711,11-JUL-27,2027,3,7,"July     ",11,"Sunday   "
20270712,12-JUL-27,2027,3,7,"July     ",12,"Monday   "
20270713,13-JUL-27,2027,3,7,"July     ",13,"Tuesday  "
20270714,14-JUL-27,2027,3,7,"July     ",14,"Wednesday"
20270715,15-JUL-27,2027,3,7,"July     ",15,"Thursday "
20270716,16-JUL-27,2027,3,7,"July     ",16,"Friday   "
20270717,17-JUL-27,2027,3,7,"July     ",17,"Saturday "
20270718,18-JUL-27,2027,3,7,"July     ",18,"Sunday   "
20270719,19-JUL-27,2027,3,7,"July     ",19,"Monday   "
20270720,20-JUL-27,2027,3,7,"July     ",20,"Tuesday  "
20270721,21-JUL-27,2027,3,7,"July     ",21,"Wednesday"
20270722,22-JUL-27,2027,3,7,"July     ",22,"Thursday "
20270723,23-JUL-27,2027,3,7,"July     ",23,"Friday   "
20270724,24-JUL-27,2027,3,7,"July     ",24,"Saturday "
20270725,25-JUL-27,2027,3,7,"July     ",25,"Sunday   "
20270726,26-JUL-27,2027,3,7,"July     ",26,"Monday   "
20270727,27-JUL-27,2027,3,7,"July     ",27,"Tuesday  "
20270728,28-JUL-27,2027,3,7,"July     ",28,"Wednesday"
20270729,29-JUL-27,2027,3,7,"July     ",29,"Thursday "
20270730,30-JUL-27,2027,3,7,"July     ",30,"Friday   "
20270731,31-JUL-27,2027,3,7,"July     ",31,"Saturday "
20270801,01-AUG-27,2027,3,8,"August   ",1,"Sunday   "
20270802,02-AUG-27,2027,3,8,"August   ",2,"Monday   "
20270803,03-AUG-27,2027,3,8,"August   ",3,"Tuesday  "
20270804,04-AUG-27,2027,3,8,"August   ",4,"Wednesday"
20270805,05-AUG-27,2027,3,8,"August   ",5,"Thursday "
20270806,06-AUG-27,2027,3,8,"August   ",6,"Friday   "
20270807,07-AUG-27,2027,3,8,"August   ",7,"Saturday "
20270808,08-AUG-27,2027,3,8,"August   ",8,"Sunday   "
20270809,09-AUG-27,2027,3,8,"August   ",9,"Monday   "
20270810,10-AUG-27,2027,3,8,"August   ",10,"Tuesday  "
20270811,11-AUG-27,2027,3,8,"August   ",11,"Wednesday"
20270812,12-AUG-27,2027,3,8,"August   ",12,"Thursday "
20270813,13-AUG-27,2027,3,8,"August   ",13,"Friday   "
20270814,14-AUG-27,2027,3,8,"August   ",14,"Saturday "
20270815,15-AUG-27,2027,3,8,"August   ",15,"Sunday   "
20270816,16-AUG-27,2027,3,8,"August   ",16,"Monday   "
20270817,17-AUG-27,2027,3,8,"August   ",17,"Tuesday  "
20270818,18-AUG-27,2027,3,8,"August   ",18,"Wednesday"
20270819,19-AUG-27,2027,3,8,"August   ",19,"Thursday "
20270820,20-AUG-27,2027,3,8,"August   ",20,"Friday   "
20270821,21-AUG-27,2027,3,8,"August   ",21,"Saturday "
20270822,22-AUG-27,2027,3,8,"August   ",22,"Sunday   "
20270823,23-AUG-27,2027,3,8,"August   ",23,"Monday   "
20270824,24-AUG-27,2027,3,8,"August   ",24,"Tuesday  "
20270825,25-AUG-27,2027,3,8,"August   ",25,"Wednesday"
20270826,26-AUG-27,2027,3,8,"August   ",26,"Thursday "
20270827,27-AUG-27,2027,3,8,"August   ",27,"Friday   "
20270828,28-AUG-27,2027,3,8,"August   ",28,"Saturday "
20270829,29-AUG-27,2027,3,8,"August   ",29,"Sunday   "
20270830,30-AUG-27,2027,3,8,"August   ",30,"Monday   "
20270831,31-AUG-27,2027,3,8,"August   ",31,"Tuesday  "
20270901,01-SEP-27,2027,3,9,"September",1,"Wednesday"
20270902,02-SEP-27,2027,3,9,"September",2,"Thursday "
20270903,03-SEP-27,2027,3,9,"September",3,"Friday   "
20270904,04-SEP-27,2027,3,9,"September",4,"Saturday "
20270905,05-SEP-27,2027,3,9,"September",5,"Sunday   "
20270906,06-SEP-27,2027,3,9,"September",6,"Monday   "
20270907,07-SEP-27,2027,3,9,"September",7,"Tuesday  "
20270908,08-SEP-27,2027,3,9,"September",8,"Wednesday"
20270909,09-SEP-27,2027,3,9,"September",9,"Thursday "
20270910,10-SEP-27,2027,3,9,"September",10,"Friday   "
20270911,11-SEP-27,2027,3,9,"September",11,"Saturday "
20270912,12-SEP-27,2027,3,9,"September",12,"Sunday   "
20270913,13-SEP-27,2027,3,9,"September",13,"Monday   "
20270914,14-SEP-27,2027,3,9,"September",14,"Tuesday  "
20270915,15-SEP-27,2027,3,9,"September",15,"Wednesday"
20270916,16-SEP-27,2027,3,9,"September",16,"Thursday "
20270917,17-SEP-27,2027,3,9,"September",17,"Friday   "
20270918,18-SEP-27,2027,3,9,"September",18,"Saturday "
20270919,19-SEP-27,2027,3,9,"September",19,"Sunday   "
20270920,20-SEP-27,2027,3,9,"September",20,"Monday   "
20270921,21-SEP-27,2027,3,9,"September",21,"Tuesday  "
20270922,22-SEP-27,2027,3,9,"September",22,"Wednesday"
20270923,23-SEP-27,2027,3,9,"September",23,"Thursday "
20270924,24-SEP-27,2027,3,9,"September",24,"Friday   "
20270925,25-SEP-27,2027,3,9,"September",25,"Saturday "
20270926,26-SEP-27,2027,3,9,"September",26,"Sunday   "
20270927,27-SEP-27,2027,3,9,"September",27,"Monday   "
20270928,28-SEP-27,2027,3,9,"September",28,"Tuesday  "
20270929,29-SEP-27,2027,3,9,"September",29,"Wednesday"
20270930,30-SEP-27,2027,3,9,"September",30,"Thursday "
20271001,01-OCT-27,2027,4,10,"October  ",1,"Friday   "
20271002,02-OCT-27,2027,4,10,"October  ",2,"Saturday "
20271003,03-OCT-27,2027,4,10,"October  ",3,"Sunday   "
20271004,04-OCT-27,2027,4,10,"October  ",4,"Monday   "
20271005,05-OCT-27,2027,4,10,"October  ",5,"Tuesday  "
20271006,06-OCT-27,2027,4,10,"October  ",6,"Wednesday"
20271007,07-OCT-27,2027,4,10,"October  ",7,"Thursday "
20271008,08-OCT-27,2027,4,10,"October  ",8,"Friday   "
20271009,09-OCT-27,2027,4,10,"October  ",9,"Saturday "
20271010,10-OCT-27,2027,4,10,"October  ",10,"Sunday   "
20271011,11-OCT-27,2027,4,10,"October  ",11,"Monday   "
20271012,12-OCT-27,2027,4,10,"October  ",12,"Tuesday  "
20271013,13-OCT-27,2027,4,10,"October  ",13,"Wednesday"
20271014,14-OCT-27,2027,4,10,"October  ",14,"Thursday "
20271015,15-OCT-27,2027,4,10,"October  ",15,"Friday   "
20271016,16-OCT-27,2027,4,10,"October  ",16,"Saturday "
20271017,17-OCT-27,2027,4,10,"October  ",17,"Sunday   "
20271018,18-OCT-27,2027,4,10,"October  ",18,"Monday   "
20271019,19-OCT-27,2027,4,10,"October  ",19,"Tuesday  "
20271020,20-OCT-27,2027,4,10,"October  ",20,"Wednesday"
20271021,21-OCT-27,2027,4,10,"October  ",21,"Thursday "
20271022,22-OCT-27,2027,4,10,"October  ",22,"Friday   "
20271023,23-OCT-27,2027,4,10,"October  ",23,"Saturday "
20271024,24-OCT-27,2027,4,10,"October  ",24,"Sunday   "
20271025,25-OCT-27,2027,4,10,"October  ",25,"Monday   "
20271026,26-OCT-27,2027,4,10,"October  ",26,"Tuesday  "
20271027,27-OCT-27,2027,4,10,"October  ",27,"Wednesday"
20271028,28-OCT-27,2027,4,10,"October  ",28,"Thursday "
20271029,29-OCT-27,2027,4,10,"October  ",29,"Friday   "
20271030,30-OCT-27,2027,4,10,"October  ",30,"Saturday "
20271031,31-OCT-27,2027,4,10,"October  ",31,"Sunday   "
20271101,01-NOV-27,2027,4,11,"November ",1,"Monday   "
20271102,02-NOV-27,2027,4,11,"November ",2,"Tuesday  "
20271103,03-NOV-27,2027,4,11,"November ",3,"Wednesday"
20271104,04-NOV-27,2027,4,11,"November ",4,"Thursday "
20271105,05-NOV-27,2027,4,11,"November ",5,"Friday   "
20271106,06-NOV-27,2027,4,11,"November ",6,"Saturday "
20271107,07-NOV-27,2027,4,11,"November ",7,"Sunday   "
20271108,08-NOV-27,2027,4,11,"November ",8,"Monday   "
20271109,09-NOV-27,2027,4,11,"November ",9,"Tuesday  "
20271110,10-NOV-27,2027,4,11,"November ",10,"Wednesday"
20271111,11-NOV-27,2027,4,11,"November ",11,"Thursday "
20271112,12-NOV-27,2027,4,11,"November ",12,"Friday   "
20271113,13-NOV-27,2027,4,11,"November ",13,"Saturday "
20271114,14-NOV-27,2027,4,11,"November ",14,"Sunday   "
20271115,15-NOV-27,2027,4,11,"November ",15,"Monday   "
20271116,16-NOV-27,2027,4,11,"November ",16,"Tuesday  "
20271117,17-NOV-27,2027,4,11,"November ",17,"Wednesday"
20271118,18-NOV-27,2027,4,11,"November ",18,"Thursday "
20271119,19-NOV-27,2027,4,11,"November ",19,"Friday   "
20271120,20-NOV-27,2027,4,11,"November ",20,"Saturday "
20271121,21-NOV-27,2027,4,11,"November ",21,"Sunday   "
20271122,22-NOV-27,2027,4,11,"November ",22,"Monday   "
20271123,23-NOV-27,2027,4,11,"November ",23,"Tuesday  "
20271124,24-NOV-27,2027,4,11,"November ",24,"Wednesday"
20271125,25-NOV-27,2027,4,11,"November ",25,"Thursday "
20271126,26-NOV-27,2027,4,11,"November ",26,"Friday   "
20271127,27-NOV-27,2027,4,11,"November ",27,"Saturday "
20271128,28-NOV-27,2027,4,11,"November ",28,"Sunday   "
20271129,29-NOV-27,2027,4,11,"November ",29,"Monday   "
20271130,30-NOV-27,2027,4,11,"November ",30,"Tuesday  "
20271201,01-DEC-27,2027,4,12,"December ",1,"Wednesday"
20271202,02-DEC-27,2027,4,12,"December ",2,"Thursday "
20271203,03-DEC-27,2027,4,12,"December ",3,"Friday   "
20271204,04-DEC-27,2027,4,12,"December ",4,"Saturday "
20271205,05-DEC-27,2027,4,12,"December ",5,"Sunday   "
20271206,06-DEC-27,2027,4,12,"December ",6,"Monday   "
20271207,07-DEC-27,2027,4,12,"December ",7,"Tuesday  "
20271208,08-DEC-27,2027,4,12,"December ",8,"Wednesday"
20271209,09-DEC-27,2027,4,12,"December ",9,"Thursday "
20271210,10-DEC-27,2027,4,12,"December ",10,"Friday   "
20271211,11-DEC-27,2027,4,12,"December ",11,"Saturday "
20271212,12-DEC-27,2027,4,12,"December ",12,"Sunday   "
20271213,13-DEC-27,2027,4,12,"December ",13,"Monday   "
20271214,14-DEC-27,2027,4,12,"December ",14,"Tuesday  "
20271215,15-DEC-27,2027,4,12,"December ",15,"Wednesday"
20271216,16-DEC-27,2027,4,12,"December ",16,"Thursday "
20271217,17-DEC-27,2027,4,12,"December ",17,"Friday   "
20271218,18-DEC-27,2027,4,12,"December ",18,"Saturday "
20271219,19-DEC-27,2027,4,12,"December ",19,"Sunday   "
20271220,20-DEC-27,2027,4,12,"December ",20,"Monday   "
20271221,21-DEC-27,2027,4,12,"December ",21,"Tuesday  "
20271222,22-DEC-27,2027,4,12,"December ",22,"Wednesday"
20271223,23-DEC-27,2027,4,12,"December ",23,"Thursday "
20271224,24-DEC-27,2027,4,12,"December ",24,"Friday   "
20271225,25-DEC-27,2027,4,12,"December ",25,"Saturday "
20271226,26-DEC-27,2027,4,12,"December ",26,"Sunday   "
20271227,27-DEC-27,2027,4,12,"December ",27,"Monday   "
20271228,28-DEC-27,2027,4,12,"December ",28,"Tuesday  "
20271229,29-DEC-27,2027,4,12,"December ",29,"Wednesday"
20271230,30-DEC-27,2027,4,12,"December ",30,"Thursday "
20271231,31-DEC-27,2027,4,12,"December ",31,"Friday   "
0,,,,,"Not Closed",,""
